Volcano Number,Volcano Name,Eruption Number,Eruption Category,VEI,Start Year,Start Month,Start Day,End Year,End Month,End Day,Latitude,Longitude
264050,Sangeang Api,22228,Confirmed Eruption,,2017,7,15,2017,7,30,-8.2,119.07
263200,Dieng Volcanic Complex,22227,Confirmed Eruption,,2017,7,2,2017,7,2,-7.2,109.92
261140,Marapi,22226,Confirmed Eruption,,2017,6,4,2017,6,4,-0.381,100.473
262000,Krakatau,22188,Confirmed Eruption,,2017,2,19,2017,2,19,-6.102,105.423
261170,Kerinci,22172,Confirmed Eruption,1,2016,11,15,2016,11,21,-1.697,101.264
268060,Gamalama,22150,Confirmed Eruption,1,2016,8,3,2016,8,4,0.8,127.33
264030,Rinjani,22149,Confirmed Eruption,2,2016,8,1,2016,9,27,-8.42,116.47
261170,Kerinci,22125,Confirmed Eruption,2,2016,3,31,2016,6,9,-1.697,101.264
266030,Soputan,22105,Confirmed Eruption,3,2016,1,2,2016,2,7,1.112,124.737
261140,Marapi,22111,Confirmed Eruption,1,2015,11,14,2015,11,14,-0.381,100.473
263310,Tengger Caldera,22103,Confirmed Eruption,2,2015,11,12,2016,11,12,-7.942,112.95
264030,Rinjani,22104,Confirmed Eruption,2,2015,10,25,2015,12,24,-8.42,116.47
266100,Lokon-Empung,21093,Confirmed Eruption,1,2015,8,30,2015,9,28,1.358,124.792
268060,Gamalama,21087,Confirmed Eruption,2,2015,7,16,2015,9,8,0.8,127.33
264270,Sirung,21086,Confirmed Eruption,1,2015,7,7,2015,7,8,-8.508,124.13
266100,Lokon-Empung,21071,Confirmed Eruption,1,2015,5,20,2015,5,27,1.358,124.792
263340,Raung,21070,Confirmed Eruption,3,2015,2,1,2015,8,22,-8.119,114.056
266030,Soputan,20988,Confirmed Eruption,3,2015,1,6,2015,3,7,1.112,124.737
268060,Gamalama,20989,Confirmed Eruption,2,2014,12,18,2014,12,25,0.8,127.33
267020,Karangetang,20914,Confirmed Eruption,2,2014,6,8,2016,3,15,2.781,125.407
264050,Sangeang Api,20911,Confirmed Eruption,3,2014,5,30,2015,11,5,-8.2,119.07
263300,Semeru,22221,Confirmed Eruption,,2014,4,1,2017,7,10,-8.108,112.922
262000,Krakatau,20932,Confirmed Eruption,1,2014,3,31,2014,3,31,-6.102,105.423
263250,Merapi,20892,Confirmed Eruption,3,2014,3,9,2014,4,20,-7.542,110.442
263180,Slamet,20933,Confirmed Eruption,2,2014,3,8,2014,9,17,-7.242,109.208
263280,Kelut,20934,Confirmed Eruption,4,2014,2,13,2014,2,15,-7.93,112.308
267020,Karangetang,20913,Confirmed Eruption,1,2014,2,9,2014,2,9,2.781,125.407
261140,Marapi,20931,Confirmed Eruption,1,2014,2,3,2014,2,26,-0.381,100.473
263250,Merapi,20842,Confirmed Eruption,2,2013,11,18,2013,11,18,-7.542,110.442
263090,Tangkubanparahu,20987,Confirmed Eruption,1,2013,10,5,2013,10,5,-6.77,107.6
261080,Sinabung,20818,Confirmed Eruption,2,2013,9,15,2017,8,4,3.17,98.392
264250,Iliwerung,20912,Confirmed Eruption,0,2013,8,20,2013,8,20,-8.53,123.57
263300,Semeru,22220,Confirmed Eruption,,2013,6,4,2013,11,29,-8.108,112.922
261170,Kerinci,22216,Confirmed Eruption,2,2013,6,2,2013,6,2,-1.697,101.264
263090,Tangkubanparahu,20822,Confirmed Eruption,2,2013,2,21,2013,3,6,-6.77,107.6
264150,Paluweh,20806,Confirmed Eruption,2,2012,10,8,2013,10,31,-8.32,121.708
261140,Marapi,20797,Confirmed Eruption,1,2012,9,26,2012,9,26,-0.381,100.473
268060,Gamalama,20766,Confirmed Eruption,1,2012,9,15,2012,9,17,0.8,127.33
266100,Lokon-Empung,20794,Confirmed Eruption,2,2012,9,15,2013,9,9,1.358,124.792
266030,Soputan,20821,Confirmed Eruption,3,2012,8,26,2012,9,19,1.112,124.737
267020,Karangetang,20776,Confirmed Eruption,2,2012,5,14,2013,9,5,2.781,125.407
264270,Sirung,20819,Confirmed Eruption,2,2012,5,8,2012,5,12,-8.508,124.13
261140,Marapi,20796,Confirmed Eruption,1,2012,3,1,2012,5,18,-0.381,100.473
264230,Lewotolo,20791,Confirmed Eruption,1,2012,1,2,2012,1,14,-8.272,123.505
261170,Kerinci,22217,Confirmed Eruption,1,2011,12,15,2011,12,15,-1.697,101.264
268060,Gamalama,20765,Confirmed Eruption,2,2011,12,5,2011,12,23,0.8,127.33
261140,Marapi,20795,Confirmed Eruption,2,2011,8,3,2011,10,12,-0.381,100.473
262000,Krakatau,20787,Confirmed Eruption,2,2011,7,31,2012,9,9,-6.102,105.423
266030,Soputan,20820,Confirmed Eruption,3,2011,7,3,2011,8,15,1.112,124.737
266100,Lokon-Empung,20793,Confirmed Eruption,2,2011,6,26,2012,5,1,1.358,124.792
263300,Semeru,22219,Confirmed Eruption,,2011,5,13,2012,7,20,-8.108,112.922
267020,Karangetang,20775,Confirmed Eruption,2,2011,3,11,2011,8,13,2.781,125.407
266100,Lokon-Empung,20792,Confirmed Eruption,1,2011,2,22,2011,2,22,1.358,124.792
263310,Tengger Caldera,16064,Confirmed Eruption,3,2010,11,26,2012,6,13,-7.942,112.95
263250,Merapi,15925,Confirmed Eruption,4,2010,10,26,2012,7,15,-7.542,110.442
262000,Krakatau,15634,Confirmed Eruption,2,2010,10,25,2011,3,9,-6.102,105.423
261080,Sinabung,15404,Confirmed Eruption,2,2010,8,27,2010,9,18,3.17,98.392
267020,Karangetang,16544,Confirmed Eruption,3,2010,8,6,2010,12,16,2.781,125.407
263300,Semeru,22218,Confirmed Eruption,,2010,1,5,2010,11,29,-8.108,112.922
263200,Dieng Volcanic Complex,15793,Confirmed Eruption,1,2009,9,27,2009,9,27,-7.2,109.92
264030,Rinjani,16227,Confirmed Eruption,2,2009,5,2,2010,5,23,-8.42,116.47
263180,Slamet,15765,Confirmed Eruption,1,2009,4,21,2009,6,22,-7.242,109.208
261170,Kerinci,15533,Confirmed Eruption,1,2009,4,1,2009,6,19,-1.697,101.264
262000,Krakatau,15633,Confirmed Eruption,2,2009,3,25,2009,9,16,-6.102,105.423
263200,Dieng Volcanic Complex,15792,Confirmed Eruption,1,2009,1,15,2009,1,15,-7.2,109.92
261230,Dempo,15575,Confirmed Eruption,1,2009,1,1,2009,1,1,-4.03,103.13
267020,Karangetang,16543,Confirmed Eruption,2,2008,11,29,2010,3,24,2.781,125.407
263340,Raung,16166,Confirmed Eruption,2,2008,6,12,2008,6,17,-8.119,114.056
266030,Soputan,16439,Confirmed Eruption,3,2008,6,6,2008,11,2,1.112,124.737
264160,Egon,16278,Confirmed Eruption,2,2008,4,15,2008,4,28,-8.676,122.455
268030,Ibu,16582,Confirmed Eruption,1,2008,4,5,2017,6,19,1.488,127.63
261170,Kerinci,15532,Confirmed Eruption,1,2008,3,24,,,,-1.697,101.264
261160,Talang,15499,Confirmed Eruption,2,2007,11,27,2007,12,16,-0.979,100.681
262000,Krakatau,15626,Confirmed Eruption,2,2007,10,23,2008,8,30,-6.102,105.423
263280,Kelut,15958,Confirmed Eruption,2,2007,10,16,2008,4,16,-7.93,112.308
261170,Kerinci,15531,Confirmed Eruption,1,2007,9,9,2007,9,9,-1.697,101.264
263340,Raung,16165,Confirmed Eruption,2,2007,7,26,2007,8,26,-8.119,114.056
268040,Gamkonora,16595,Confirmed Eruption,2,2007,7,8,2007,7,16,1.38,127.53
266030,Soputan,16438,Confirmed Eruption,3,2007,6,16,2007,11,9,1.112,124.737
261160,Talang,15498,Confirmed Eruption,2,2007,3,19,2007,6,22,-0.979,100.681
264260,"Tara, Batu",16353,Confirmed Eruption,2,2007,1,17,2015,11,26,-7.791,123.585
266030,Soputan,16434,Confirmed Eruption,1,2006,12,14,2006,12,26,1.112,124.737
261230,Dempo,15574,Confirmed Eruption,1,2006,9,25,2006,9,25,-4.03,103.13
261160,Talang,15497,Confirmed Eruption,1,2006,9,10,2006,9,10,-0.979,100.681
267020,Karangetang,16541,Confirmed Eruption,1,2006,7,3,2007,10,16,2.781,125.407
263250,Merapi,15923,Confirmed Eruption,1,2006,3,16,2007,8,9,-7.542,110.442
266030,Soputan,16433,Confirmed Eruption,1,2005,12,26,2006,1,24,1.112,124.737
266020,Ambang,20947,Confirmed Eruption,1,2005,12,22,,,,0.75,124.42
266030,Soputan,16437,Confirmed Eruption,2,2005,4,19,2005,7,18,1.112,124.737
261160,Talang,15496,Confirmed Eruption,2,2005,4,12,2005,7,18,-0.979,100.681
264160,Egon,16277,Confirmed Eruption,1,2005,2,6,2005,2,27,-8.676,122.455
266030,Soputan,16436,Confirmed Eruption,3,2004,10,18,2004,12,27,1.112,124.737
264030,Rinjani,16226,Confirmed Eruption,2,2004,10,1,2004,10,5,-8.42,116.47
261140,Marapi,15479,Confirmed Eruption,2,2004,8,5,2004,8,5,-0.381,100.473
264160,Egon,16276,Confirmed Eruption,2,2004,7,3,2004,9,16,-8.676,122.455
261170,Kerinci,15529,Confirmed Eruption,2,2004,6,22,2004,10,24,-1.697,101.264
263310,Tengger Caldera,16063,Confirmed Eruption,2,2004,6,8,2004,6,24,-7.942,112.95
267040,Awu,16570,Confirmed Eruption,2,2004,6,2,2004,8,16,3.67,125.5
268030,Ibu,16581,Confirmed Eruption,0,2004,5,16,2005,2,22,1.488,127.63
267020,Karangetang,16540,Confirmed Eruption,2,2004,4,2,2005,8,5,2.781,125.407
264160,Egon,16275,Confirmed Eruption,1,2004,1,29,2004,2,5,-8.676,122.455
266100,Lokon-Empung,16463,Confirmed Eruption,3,2003,9,12,2003,9,12,1.358,124.792
268060,Gamalama,16675,Confirmed Eruption,2,2003,7,31,2003,10,2,0.8,127.33
263200,Dieng Volcanic Complex,15791,Confirmed Eruption,1,2003,7,16,2003,7,16,-7.2,109.92
264200,Leroboleng,16308,Confirmed Eruption,3,2003,6,26,2003,7,29,-8.365,122.833
264180,Lewotobi,16304,Confirmed Eruption,2,2003,5,30,2003,9,1,-8.542,122.775
266100,Lokon-Empung,16462,Confirmed Eruption,2,2002,12,23,2003,4,1,1.358,124.792
263100,Papandayan,15688,Confirmed Eruption,2,2002,11,11,2002,12,19,-7.32,107.73
264180,Lewotobi,16300,Confirmed Eruption,1,2002,10,12,2002,10,12,-8.542,122.775
267010,Ruang,16493,Confirmed Eruption,4,2002,9,25,2002,9,29,2.3,125.37
263340,Raung,16162,Confirmed Eruption,2,2002,6,16,2002,8,25,-8.119,114.056
266100,Lokon-Empung,16461,Confirmed Eruption,2,2002,2,9,2002,5,16,1.358,124.792
261160,Talang,15494,Confirmed Eruption,1,2001,9,25,2001,11,15,-0.979,100.681
262000,Krakatau,15625,Confirmed Eruption,1,2001,7,21,2001,9,17,-6.102,105.423
268030,Ibu,16580,Confirmed Eruption,0,2001,5,28,2001,10,3,1.488,127.63
261170,Kerinci,15528,Confirmed Eruption,2,2001,5,12,2002,8,27,-1.697,101.264
261140,Marapi,15478,Confirmed Eruption,2,2001,4,13,2001,6,5,-0.381,100.473
264090,Inielika,16258,Confirmed Eruption,2,2001,1,11,2001,3,16,-8.73,120.98
261030,Peuet Sague,15395,Confirmed Eruption,2,2000,12,25,2000,12,26,4.914,96.329
263310,Tengger Caldera,16062,Confirmed Eruption,2,2000,11,29,2001,1,15,-7.942,112.95
261220,Kaba,15548,Confirmed Eruption,1,2000,8,22,2000,8,27,-3.522,102.615
263340,Raung,16161,Confirmed Eruption,2,2000,7,9,2000,7,9,-8.119,114.056
262000,Krakatau,15624,Confirmed Eruption,1,2000,5,29,2000,10,30,-6.102,105.423
266030,Soputan,16435,Confirmed Eruption,2,2000,5,13,2003,9,4,1.112,124.737
266100,Lokon-Empung,16460,Confirmed Eruption,2,2000,5,10,2001,8,18,1.358,124.792
261140,Marapi,15477,Confirmed Eruption,2,2000,3,11,2000,4,3,-0.381,100.473
263340,Raung,16156,Confirmed Eruption,2,1999,7,30,,,,-8.119,114.056
263350,Ijen,16175,Confirmed Eruption,1,1999,6,28,1999,6,28,-8.058,114.242
264250,Iliwerung,16350,Confirmed Eruption,0,1999,5,22,1999,9,16,-8.53,123.57
263180,Slamet,15763,Confirmed Eruption,1,1999,5,1,1999,9,16,-7.242,109.208
261140,Marapi,15476,Confirmed Eruption,2,1999,4,16,1999,9,16,-0.381,100.473
264180,Lewotobi,16299,Confirmed Eruption,2,1999,3,31,1999,7,1,-8.542,122.775
261170,Kerinci,15527,Confirmed Eruption,2,1999,3,16,1999,9,16,-1.697,101.264
267020,Karangetang,16539,Confirmed Eruption,3,1999,3,16,2003,10,28,2.781,125.407
264010,Batur,16206,Confirmed Eruption,1,1999,3,15,2000,6,16,-8.242,115.375
261030,Peuet Sague,15394,Confirmed Eruption,1,1999,3,9,1999,4,30,4.914,96.329
262000,Krakatau,15623,Confirmed Eruption,2,1999,2,5,1999,8,16,-6.102,105.423
268030,Ibu,16579,Confirmed Eruption,2,1998,12,18,1999,9,16,1.488,127.63
261170,Kerinci,15526,Confirmed Eruption,2,1998,11,3,,,,-1.697,101.264
267020,Karangetang,16538,Confirmed Eruption,1,1998,7,5,,,,2.781,125.407
261170,Kerinci,15525,Confirmed Eruption,2,1998,7,4,1998,7,4,-1.697,101.264
264010,Batur,16205,Confirmed Eruption,1,1998,7,4,,,,-8.242,115.375
261030,Peuet Sague,15393,Confirmed Eruption,1,1998,4,19,1998,4,26,4.914,96.329
264050,Sangeang Api,16252,Confirmed Eruption,2,1997,7,2,1999,7,2,-8.2,119.07
263340,Raung,16155,Confirmed Eruption,2,1997,4,16,,,,-8.119,114.056
262000,Krakatau,15622,Confirmed Eruption,2,1997,3,16,1997,5,16,-6.102,105.423
263200,Dieng Volcanic Complex,15790,Confirmed Eruption,1,1996,12,31,1996,12,31,-7.2,109.92
267020,Karangetang,16537,Confirmed Eruption,1,1996,10,1,1997,6,16,2.781,125.407
261170,Kerinci,15522,Confirmed Eruption,1,1996,8,16,1996,10,16,-1.697,101.264
262000,Krakatau,15619,Confirmed Eruption,2,1996,7,16,1996,10,16,-6.102,105.423
268060,Gamalama,16674,Confirmed Eruption,2,1996,7,2,,,,0.8,127.33
267020,Karangetang,16536,Confirmed Eruption,1,1995,11,9,1995,12,17,2.781,125.407
263310,Tengger Caldera,16061,Confirmed Eruption,1,1995,9,9,1995,12,16,-7.942,112.95
263340,Raung,16153,Confirmed Eruption,1,1995,3,16,1995,3,16,-8.119,114.056
263310,Tengger Caldera,16060,Confirmed Eruption,1,1995,3,3,1995,5,26,-7.942,112.95
261230,Dempo,15573,Confirmed Eruption,1,1994,10,16,1994,10,16,-4.03,103.13
264010,Batur,16204,Confirmed Eruption,1,1994,8,7,1994,8,14,-8.242,115.375
263340,Raung,16152,Confirmed Eruption,1,1994,7,14,1994,7,14,-8.119,114.056
264030,Rinjani,16224,Confirmed Eruption,3,1994,6,3,1994,11,21,-8.42,116.47
262000,Krakatau,15618,Confirmed Eruption,2,1994,3,19,1995,6,16,-6.102,105.423
263350,Ijen,16174,Confirmed Eruption,1,1994,2,3,1994,2,3,-8.058,114.242
268060,Gamalama,16673,Confirmed Eruption,2,1994,1,16,1994,10,15,0.8,127.33
264250,Iliwerung,16349,Confirmed Eruption,2,1993,9,15,1993,9,19,-8.53,123.57
263350,Ijen,16173,Confirmed Eruption,1,1993,7,3,1993,8,1,-8.058,114.242
264220,Iliboleng,16328,Confirmed Eruption,1,1993,6,16,1993,7,16,-8.342,123.258
268060,Gamalama,16672,Confirmed Eruption,2,1993,5,6,1993,5,21,0.8,127.33
263340,Raung,16151,Confirmed Eruption,1,1993,4,1,,,,-8.119,114.056
263200,Dieng Volcanic Complex,15789,Confirmed Eruption,1,1993,1,23,1993,1,23,-7.2,109.92
262000,Krakatau,15617,Confirmed Eruption,1,1992,11,7,1993,10,16,-6.102,105.423
267040,Awu,16569,Confirmed Eruption,1,1992,4,7,,,,3.67,125.5
263250,Merapi,15922,Confirmed Eruption,2,1992,1,20,2002,10,19,-7.542,110.442
264220,Iliboleng,16327,Confirmed Eruption,1,1991,11,3,1991,11,15,-8.342,123.258
263340,Raung,16150,Confirmed Eruption,2,1991,9,10,1991,11,12,-8.119,114.056
261030,Peuet Sague,15376,Confirmed Eruption,2,1991,7,2,,,,4.914,96.329
267020,Karangetang,16535,Confirmed Eruption,2,1991,7,2,1993,12,31,2.781,125.407
266030,Soputan,16432,Confirmed Eruption,2,1991,5,22,1996,9,29,1.112,124.737
266100,Lokon-Empung,16459,Confirmed Eruption,3,1991,5,17,1992,1,16,1.358,124.792
264180,Lewotobi,16298,Confirmed Eruption,1,1991,5,11,1992,12,31,-8.542,122.775
264220,Iliboleng,16326,Confirmed Eruption,1,1991,5,8,1991,6,30,-8.342,123.258
264071,Ranakah,16255,Confirmed Eruption,1,1991,3,16,,,,-8.62,120.52
261170,Kerinci,15521,Confirmed Eruption,2,1990,12,31,,,,-1.697,101.264
268060,Gamalama,16670,Confirmed Eruption,3,1990,4,25,1990,4,26,0.8,127.33
263280,Kelut,15957,Confirmed Eruption,4,1990,2,10,1990,3,13,-7.93,112.308
264180,Lewotobi,16297,Confirmed Eruption,1,1990,1,28,1990,6,16,-8.542,122.775
263340,Raung,16149,Confirmed Eruption,2,1990,1,16,1990,12,16,-8.119,114.056
267020,Karangetang,16534,Confirmed Eruption,1,1989,7,16,1989,7,16,2.781,125.407
266030,Soputan,16431,Confirmed Eruption,2,1989,4,22,1989,4,23,1.112,124.737
268070,Makian,16689,Confirmed Eruption,3,1988,7,29,1988,8,5,0.32,127.4
263180,Slamet,15762,Confirmed Eruption,1,1988,7,12,1988,7,13,-7.242,109.208
265090,Banda Api,16420,Confirmed Eruption,3,1988,5,9,1988,5,17,-4.523,129.881
266100,Lokon-Empung,16458,Confirmed Eruption,1,1988,4,21,1988,5,1,1.358,124.792
262000,Krakatau,15616,Confirmed Eruption,2,1988,2,14,1988,4,16,-6.102,105.423
268060,Gamalama,16669,Confirmed Eruption,2,1988,2,12,1988,3,16,0.8,127.33
264071,Ranakah,16254,Confirmed Eruption,3,1987,12,28,1989,4,16,-8.62,120.52
264220,Iliboleng,16325,Confirmed Eruption,2,1987,10,2,1987,10,2,-8.342,123.258
263340,Raung,16148,Confirmed Eruption,1,1987,5,16,1989,7,28,-8.119,114.056
268040,Gamkonora,16594,Confirmed Eruption,1,1987,4,13,1987,4,26,1.38,127.53
261140,Marapi,15475,Confirmed Eruption,2,1987,1,15,1994,8,12,-0.381,100.473
263250,Merapi,15917,Confirmed Eruption,2,1986,10,10,1990,8,16,-7.542,110.442
263200,Dieng Volcanic Complex,15788,Confirmed Eruption,1,1986,8,6,1986,8,6,-7.2,109.92
261120,Sorikmarapi,15414,Confirmed Eruption,1,1986,7,5,1986,7,14,0.686,99.539
261030,Peuet Sague,15375,Confirmed Eruption,2,1986,7,2,,,,4.914,96.329
264220,Iliboleng,16324,Confirmed Eruption,1,1986,5,28,1986,11,24,-8.342,123.258
266100,Lokon-Empung,16457,Confirmed Eruption,2,1986,3,22,1987,5,13,1.358,124.792
263340,Raung,16147,Confirmed Eruption,2,1985,8,23,1986,2,28,-8.119,114.056
264050,Sangeang Api,16251,Confirmed Eruption,3,1985,7,30,1988,2,16,-8.2,119.07
266030,Soputan,16430,Confirmed Eruption,2,1985,5,19,1985,5,20,1.112,124.737
264150,Paluweh,16272,Confirmed Eruption,1,1985,2,3,1985,2,3,-8.32,121.708
261140,Marapi,15474,Confirmed Eruption,1,1984,11,15,1984,11,15,-0.381,100.473
266030,Soputan,16429,Confirmed Eruption,3,1984,5,24,1984,8,31,1.112,124.737
263310,Tengger Caldera,16059,Confirmed Eruption,1,1984,5,12,1984,5,31,-7.942,112.95
264150,Paluweh,16271,Confirmed Eruption,2,1984,5,9,1984,5,21,-8.32,121.708
263140,Galunggung,15722,Confirmed Eruption,1,1984,1,9,1984,1,31,-7.25,108.058
263310,Tengger Caldera,16058,Confirmed Eruption,1,1983,12,21,1983,12,21,-7.942,112.95
263090,Tangkubanparahu,15683,Confirmed Eruption,1,1983,9,14,,,,-6.77,107.6
264250,Iliwerung,16348,Confirmed Eruption,1,1983,8,17,1983,8,18,-8.53,123.57
268060,Gamalama,16668,Confirmed Eruption,3,1983,8,9,1983,8,12,0.8,127.33
266010,Colo,16423,Confirmed Eruption,4,1983,7,18,1983,12,16,-0.162,121.601
261140,Marapi,15472,Confirmed Eruption,1,1983,7,2,,,,-0.381,100.473
267020,Karangetang,16533,Confirmed Eruption,3,1983,5,16,1988,12,31,2.781,125.407
264220,Iliboleng,16323,Confirmed Eruption,2,1983,5,11,1984,4,13,-8.342,123.258
261140,Marapi,15471,Confirmed Eruption,1,1982,12,16,1982,12,16,-0.381,100.473
264220,Iliboleng,16322,Confirmed Eruption,2,1982,11,17,1982,11,17,-8.342,123.258
266030,Soputan,16428,Confirmed Eruption,3,1982,8,26,1982,11,10,1.112,124.737
263340,Raung,16146,Confirmed Eruption,3,1982,7,18,1982,7,20,-8.119,114.056
267020,Karangetang,16532,Confirmed Eruption,1,1982,7,2,,,,2.781,125.407
263140,Galunggung,15721,Confirmed Eruption,4,1982,4,5,1983,1,8,-7.25,108.058
261140,Marapi,15470,Confirmed Eruption,1,1982,3,10,1982,5,16,-0.381,100.473
263200,Dieng Volcanic Complex,15787,Confirmed Eruption,1,1981,7,2,,,,-7.2,109.92
262000,Krakatau,15615,Confirmed Eruption,1,1981,4,24,1981,10,20,-6.102,105.423
268040,Gamkonora,16593,Confirmed Eruption,1,1981,3,4,1981,7,25,1.38,127.53
264150,Paluweh,16270,Confirmed Eruption,2,1980,11,5,1981,9,16,-8.32,121.708
268060,Gamalama,16667,Confirmed Eruption,2,1980,9,4,1980,9,23,0.8,127.33
263310,Tengger Caldera,16056,Confirmed Eruption,2,1980,6,5,1980,9,20,-7.942,112.95
261140,Marapi,15469,Confirmed Eruption,1,1980,3,29,,,,-0.381,100.473
267020,Karangetang,16531,Confirmed Eruption,1,1980,3,24,1980,9,13,2.781,125.407
262000,Krakatau,15614,Confirmed Eruption,2,1980,3,15,1980,12,16,-6.102,105.423
262000,Krakatau,15613,Confirmed Eruption,2,1979,7,15,1979,11,16,-6.102,105.423
261030,Peuet Sague,15392,Confirmed Eruption,2,1979,7,2,,,,4.914,96.329
267020,Karangetang,16530,Confirmed Eruption,1,1979,5,31,1979,5,31,2.781,125.407
263200,Dieng Volcanic Complex,15786,Confirmed Eruption,1,1979,2,20,1979,2,20,-7.2,109.92
262000,Krakatau,15612,Confirmed Eruption,1,1978,7,10,1978,11,16,-6.102,105.423
267020,Karangetang,16529,Confirmed Eruption,1,1978,2,22,1978,12,18,2.781,125.407
263340,Raung,16145,Confirmed Eruption,1,1978,1,16,1979,12,16,-8.119,114.056
266110,Mahawu,16470,Confirmed Eruption,0,1977,11,16,,,,1.352,124.865
263340,Raung,16144,Confirmed Eruption,2,1977,6,9,1977,6,30,-8.119,114.056
267020,Karangetang,16528,Confirmed Eruption,2,1976,9,15,1977,9,16,2.781,125.407
263340,Raung,16143,Confirmed Eruption,2,1976,6,7,1976,11,21,-8.119,114.056
266100,Lokon-Empung,16455,Confirmed Eruption,2,1975,11,16,1980,7,2,1.358,124.792
262000,Krakatau,15611,Confirmed Eruption,2,1975,3,27,1975,10,26,-6.102,105.423
263340,Raung,16142,Confirmed Eruption,1,1975,3,16,1975,5,16,-8.119,114.056
261140,Marapi,15468,Confirmed Eruption,2,1975,1,16,1979,9,11,-0.381,100.473
263340,Raung,16141,Confirmed Eruption,2,1974,6,15,1974,7,17,-8.119,114.056
264010,Batur,16202,Confirmed Eruption,2,1974,3,12,1974,4,16,-8.242,115.375
261230,Dempo,15572,Confirmed Eruption,2,1974,2,26,1974,10,20,-4.03,103.13
264250,Iliwerung,16346,Confirmed Eruption,2,1973,12,5,1974,8,22,-8.53,123.57
264150,Paluweh,16269,Confirmed Eruption,2,1973,10,27,1973,10,28,-8.32,121.708
266100,Lokon-Empung,16454,Confirmed Eruption,1,1973,9,15,1974,12,16,1.358,124.792
263180,Slamet,13404,Confirmed Eruption,1,1973,8,16,,,,-7.242,109.208
261140,Marapi,15467,Confirmed Eruption,2,1973,7,24,1973,7,24,-0.381,100.473
263340,Raung,16140,Confirmed Eruption,1,1973,5,16,1973,10,16,-8.119,114.056
264220,Iliboleng,16321,Confirmed Eruption,2,1973,4,16,1974,4,16,-8.342,123.258
261230,Dempo,15571,Confirmed Eruption,2,1973,1,24,1973,1,25,-4.03,103.13
266030,Soputan,16427,Confirmed Eruption,2,1973,1,6,1973,5,27,1.112,124.737
264150,Paluweh,16268,Confirmed Eruption,3,1972,10,22,1973,1,16,-8.32,121.708
263250,Merapi,15916,Confirmed Eruption,2,1972,10,6,1985,3,16,-7.542,110.442
262000,Krakatau,15610,Confirmed Eruption,2,1972,6,10,1973,7,1,-6.102,105.423
263310,Tengger Caldera,16055,Confirmed Eruption,2,1972,1,26,1972,3,16,-7.942,112.95
264010,Batur,16200,Confirmed Eruption,2,1972,1,19,1972,3,16,-8.242,115.375
267020,Karangetang,16527,Confirmed Eruption,3,1972,1,16,1976,4,5,2.781,125.407
263210,Sundoro,15804,Confirmed Eruption,2,1971,10,29,1971,11,9,-7.3,109.992
263340,Raung,16139,Confirmed Eruption,1,1971,9,14,1971,9,14,-8.119,114.056
266030,Soputan,16426,Confirmed Eruption,1,1971,5,19,1971,5,19,1.112,124.737
266100,Lokon-Empung,16453,Confirmed Eruption,2,1971,5,11,1971,10,26,1.358,124.792
264010,Batur,16199,Confirmed Eruption,1,1971,3,11,1971,8,25,-8.242,115.375
264180,Lewotobi,16296,Confirmed Eruption,2,1971,1,16,,,,-8.542,122.775
267020,Karangetang,16526,Confirmed Eruption,2,1970,11,27,1971,3,16,2.781,125.407
261140,Marapi,15466,Confirmed Eruption,2,1970,7,26,1971,8,20,-0.381,100.473
264180,Lewotobi,16295,Confirmed Eruption,2,1970,7,2,,,,-8.542,122.775
264270,Sirung,16364,Confirmed Eruption,2,1970,7,2,,,,-8.508,124.13
261120,Sorikmarapi,15413,Confirmed Eruption,2,1970,7,2,,,,0.686,99.539
266030,Soputan,13598,Confirmed Eruption,2,1970,2,16,1970,5,26,1.112,124.737
264010,Batur,16198,Confirmed Eruption,1,1970,1,5,1970,1,15,-8.242,115.375
266100,Lokon-Empung,16452,Confirmed Eruption,2,1969,11,27,1970,12,26,1.358,124.792
263090,Tangkubanparahu,15682,Confirmed Eruption,1,1969,7,20,1969,10,21,-6.77,107.6
261170,Kerinci,15519,Confirmed Eruption,2,1969,7,2,1970,7,2,-1.697,101.264
263180,Slamet,13403,Confirmed Eruption,2,1969,6,23,1969,8,16,-7.242,109.208
264100,Ebulobo,13704,Confirmed Eruption,2,1969,2,27,,,,-8.82,121.18
264110,Iya,16259,Confirmed Eruption,3,1969,1,27,1969,1,30,-8.897,121.645
264180,Lewotobi,16294,Confirmed Eruption,2,1968,11,28,1969,2,2,-8.542,122.775
261160,Talang,15492,Confirmed Eruption,2,1968,9,16,1968,10,16,-0.979,100.681
266030,Soputan,13597,Confirmed Eruption,1,1968,7,16,1968,8,16,1.112,124.737
264140,Kelimutu,16263,Confirmed Eruption,1,1968,6,3,1968,7,29,-8.77,121.82
265060,Nila,16382,Confirmed Eruption,1,1968,5,7,1968,6,16,-6.73,129.5
261170,Kerinci,15518,Confirmed Eruption,2,1968,2,3,1968,3,18,-1.697,101.264
264010,Batur,16197,Confirmed Eruption,2,1968,1,23,1968,2,15,-8.242,115.375
261160,Talang,15491,Confirmed Eruption,1,1968,1,14,1968,1,14,-0.979,100.681
263280,Kelut,15424,Confirmed Eruption,1,1967,12,11,1967,12,11,-7.93,112.308
267020,Karangetang,16525,Confirmed Eruption,2,1967,11,29,1967,12,2,2.781,125.407
261170,Kerinci,15517,Confirmed Eruption,2,1967,11,2,,,,-1.697,101.264
261160,Talang,15490,Confirmed Eruption,1,1967,10,10,1967,10,10,-0.979,100.681
263300,Semeru,16007,Confirmed Eruption,3,1967,8,31,2009,3,15,-8.108,112.922
263090,Tangkubanparahu,15681,Confirmed Eruption,1,1967,7,16,1967,7,16,-6.77,107.6
264040,Tambora,16234,Confirmed Eruption,0,1967,7,2,,,,-8.25,118
263180,Slamet,13402,Confirmed Eruption,2,1967,5,7,1967,7,16,-7.242,109.208
261140,Marapi,15464,Confirmed Eruption,1,1967,4,16,1967,7,16,-0.381,100.473
263280,Kelut,15423,Confirmed Eruption,1,1967,2,18,1967,2,18,-7.93,112.308
263250,Merapi,15914,Confirmed Eruption,2,1967,1,12,1970,7,2,-7.542,110.442
266100,Lokon-Empung,16451,Confirmed Eruption,2,1966,9,24,1966,9,30,1.358,124.792
267040,Awu,16567,Confirmed Eruption,4,1966,8,12,1966,10,16,3.67,125.5
263180,Slamet,13401,Confirmed Eruption,2,1966,7,2,,,,-7.242,109.208
261170,Kerinci,15516,Confirmed Eruption,2,1966,6,9,1966,6,30,-1.697,101.264
266030,Soputan,13596,Confirmed Eruption,3,1966,5,21,1967,11,16,1.112,124.737
264010,Batur,16196,Confirmed Eruption,1,1966,4,28,,,,-8.242,115.375
263280,Kelut,15956,Confirmed Eruption,4,1966,4,26,1966,4,27,-7.93,112.308
264030,Rinjani,16223,Confirmed Eruption,1,1966,3,28,1966,8,8,-8.42,116.47
261140,Marapi,15463,Confirmed Eruption,1,1966,3,16,1966,6,16,-0.381,100.473
264050,Sangeang Api,16250,Confirmed Eruption,2,1966,2,28,1966,11,16,-8.2,119.07
264270,Sirung,16363,Confirmed Eruption,1,1965,11,2,1965,11,2,-8.508,124.13
263090,Tangkubanparahu,15680,Confirmed Eruption,1,1965,10,16,1965,10,16,-6.77,107.6
264030,Rinjani,16222,Confirmed Eruption,0,1965,9,16,,,,-8.42,116.47
264010,Batur,16195,Confirmed Eruption,1,1965,8,18,1965,12,16,-8.242,115.375
266100,Lokon-Empung,16450,Confirmed Eruption,1,1965,7,10,1965,7,10,1.358,124.792
262000,Krakatau,15608,Confirmed Eruption,1,1965,7,2,,,,-6.102,105.423
264270,Sirung,16362,Confirmed Eruption,1,1965,5,7,1965,5,18,-8.508,124.13
267020,Karangetang,16524,Confirmed Eruption,2,1965,4,5,1967,6,16,2.781,125.407
263090,Tangkubanparahu,15679,Confirmed Eruption,1,1965,2,16,1965,3,16,-6.77,107.6
263200,Dieng Volcanic Complex,15785,Confirmed Eruption,1,1964,12,13,1964,12,13,-7.2,109.92
261170,Kerinci,15515,Confirmed Eruption,2,1964,7,8,1964,7,8,-1.697,101.264
265060,Nila,16381,Confirmed Eruption,1,1964,3,16,1964,3,16,-6.73,129.5
261230,Dempo,15570,Confirmed Eruption,2,1964,2,14,1964,2,14,-4.03,103.13
264270,Sirung,16361,Confirmed Eruption,1,1964,2,8,1964,10,5,-8.508,124.13
264050,Sangeang Api,16249,Confirmed Eruption,2,1964,1,29,1965,12,1,-8.2,119.07
264150,Paluweh,16267,Confirmed Eruption,2,1963,12,31,1966,3,16,-8.32,121.708
266100,Lokon-Empung,16449,Confirmed Eruption,2,1963,12,17,1964,4,16,1.358,124.792
264010,Batur,16194,Confirmed Eruption,2,1963,9,5,1964,5,10,-8.242,115.375
261170,Kerinci,15514,Confirmed Eruption,2,1963,7,16,,,,-1.697,101.264
261160,Talang,15489,Confirmed Eruption,2,1963,7,2,,,,-0.979,100.681
264020,Agung,16210,Confirmed Eruption,5,1963,2,18,1964,1,27,-8.342,115.508
268060,Gamalama,16666,Confirmed Eruption,2,1962,12,31,1963,1,2,0.8,127.33
266100,Lokon-Empung,16448,Confirmed Eruption,1,1962,4,16,1962,11,16,1.358,124.792
267020,Karangetang,16523,Confirmed Eruption,2,1962,1,29,1963,12,16,2.781,125.407
267020,Karangetang,16522,Confirmed Eruption,2,1961,10,9,1961,10,19,2.781,125.407
263090,Tangkubanparahu,15678,Confirmed Eruption,1,1961,7,16,1961,8,1,-6.77,107.6
266100,Lokon-Empung,16447,Confirmed Eruption,2,1961,5,19,1961,12,16,1.358,124.792
263250,Merapi,15913,Confirmed Eruption,3,1961,4,11,1961,11,28,-7.542,110.442
267020,Karangetang,16521,Confirmed Eruption,2,1961,2,28,1961,4,16,2.781,125.407
263180,Slamet,13400,Confirmed Eruption,2,1960,12,16,1961,1,16,-7.242,109.208
261170,Kerinci,15513,Confirmed Eruption,2,1960,7,16,,,,-1.697,101.264
264270,Sirung,16360,Confirmed Eruption,2,1960,3,13,,,,-8.508,124.13
262000,Krakatau,15607,Confirmed Eruption,2,1959,12,16,1963,7,2,-6.102,105.423
261140,Marapi,15462,Confirmed Eruption,1,1958,10,17,1958,10,25,-0.381,100.473
262000,Krakatau,15606,Confirmed Eruption,2,1958,10,2,1959,6,25,-6.102,105.423
263180,Slamet,13399,Confirmed Eruption,2,1958,9,13,1958,11,5,-7.242,109.208
266110,Mahawu,16469,Confirmed Eruption,2,1958,7,12,1958,7,29,1.352,124.865
264050,Sangeang Api,16248,Confirmed Eruption,1,1958,7,2,,,,-8.2,119.07
261140,Marapi,15461,Confirmed Eruption,1,1958,6,23,1958,6,23,-0.381,100.473
263180,Slamet,13398,Confirmed Eruption,2,1958,4,17,1958,5,7,-7.242,109.208
266100,Lokon-Empung,16446,Confirmed Eruption,2,1958,2,19,1959,12,23,1.358,124.792
264050,Sangeang Api,16247,Confirmed Eruption,1,1957,7,2,,,,-8.2,119.07
263060,Gede-Pangrango,15665,Confirmed Eruption,2,1957,3,13,1957,3,13,-6.77,106.965
263180,Slamet,13397,Confirmed Eruption,2,1957,2,8,1957,2,8,-7.242,109.208
263090,Tangkubanparahu,15677,Confirmed Eruption,1,1957,1,16,1957,1,16,-6.77,107.6
264050,Sangeang Api,16246,Confirmed Eruption,1,1956,12,16,,,,-8.2,119.07
263310,Tengger Caldera,15839,Confirmed Eruption,2,1956,6,16,1956,7,16,-7.942,112.95
263200,Dieng Volcanic Complex,15784,Confirmed Eruption,1,1956,6,2,1956,6,2,-7.2,109.92
263060,Gede-Pangrango,15664,Confirmed Eruption,2,1956,4,28,1956,4,28,-6.77,106.965
261220,Kaba,15547,Confirmed Eruption,2,1956,3,22,1956,3,28,-3.522,102.615
263340,Raung,16138,Confirmed Eruption,3,1956,2,13,1956,3,25,-8.119,114.056
263310,Tengger Caldera,13529,Confirmed Eruption,2,1955,12,29,1955,12,30,-7.942,112.95
263180,Slamet,15761,Confirmed Eruption,2,1955,11,12,1955,12,20,-7.242,109.208
264050,Sangeang Api,16245,Confirmed Eruption,1,1955,7,2,,,,-8.2,119.07
262000,Krakatau,15605,Confirmed Eruption,2,1955,2,11,,,,-6.102,105.423
263340,Raung,16137,Confirmed Eruption,2,1955,1,18,1955,1,18,-8.119,114.056
263200,Dieng Volcanic Complex,15783,Confirmed Eruption,0,1954,12,6,1954,12,6,-7.2,109.92
264050,Sangeang Api,16244,Confirmed Eruption,2,1954,11,4,,,,-8.2,119.07
261140,Marapi,15460,Confirmed Eruption,2,1954,8,16,1957,12,16,-0.381,100.473
264050,Sangeang Api,16243,Confirmed Eruption,2,1954,4,26,,,,-8.2,119.07
266030,Soputan,13595,Confirmed Eruption,2,1953,11,16,,,,1.112,124.737
264030,Rinjani,16221,Confirmed Eruption,0,1953,10,15,,,,-8.42,116.47
262000,Krakatau,15604,Confirmed Eruption,2,1953,9,21,1953,11,25,-6.102,105.423
264110,Iya,15524,Confirmed Eruption,2,1953,9,4,1953,9,5,-8.897,121.645
263180,Slamet,15760,Confirmed Eruption,2,1953,8,16,1953,10,16,-7.242,109.208
267020,Karangetang,16520,Confirmed Eruption,2,1953,7,2,,,,2.781,125.407
264270,Sirung,16359,Confirmed Eruption,,1953,6,16,,,,-8.508,124.13
263200,Dieng Volcanic Complex,15782,Confirmed Eruption,2,1953,3,24,1953,3,25,-7.2,109.92
264050,Sangeang Api,16242,Confirmed Eruption,3,1953,3,19,1953,5,15,-8.2,119.07
262000,Krakatau,15603,Confirmed Eruption,2,1953,3,17,1953,5,1,-6.102,105.423
263250,Merapi,15908,Confirmed Eruption,2,1953,3,2,1958,12,16,-7.542,110.442
263340,Raung,16136,Confirmed Eruption,3,1953,1,31,1953,4,15,-8.119,114.056
262000,Krakatau,15602,Confirmed Eruption,2,1952,10,10,1952,10,11,-6.102,105.423
263290,Arjuno-Welirang,15961,Confirmed Eruption,0,1952,8,15,,,,-7.725,112.58
268040,Gamkonora,16592,Confirmed Eruption,2,1952,7,16,1952,9,5,1.38,127.53
263090,Tangkubanparahu,15676,Confirmed Eruption,1,1952,7,4,1952,7,11,-6.77,107.6
266110,Mahawu,16468,Confirmed Eruption,2,1952,7,2,,,,1.352,124.865
263350,Ijen,16172,Confirmed Eruption,1,1952,4,22,1952,4,24,-8.058,114.242
261220,Kaba,15546,Confirmed Eruption,2,1952,4,1,1952,4,28,-3.522,102.615
264250,Iliwerung,16345,Confirmed Eruption,1,1952,3,24,,,,-8.53,123.57
267020,Karangetang,16519,Confirmed Eruption,2,1952,2,16,1952,6,30,2.781,125.407
261170,Kerinci,15512,Confirmed Eruption,2,1952,1,16,1952,6,16,-1.697,101.264
264230,Lewotolo,16336,Confirmed Eruption,2,1951,12,15,,,,-8.272,123.505
264250,Iliwerung,16344,Confirmed Eruption,2,1951,11,12,1951,11,16,-8.53,123.57
263280,Kelut,15955,Confirmed Eruption,4,1951,8,31,1951,8,31,-7.93,112.308
264220,Iliboleng,16320,Confirmed Eruption,2,1951,7,2,,,,-8.342,123.258
266100,Lokon-Empung,16445,Confirmed Eruption,3,1951,7,2,1953,3,16,1.358,124.792
268040,Gamkonora,16591,Confirmed Eruption,2,1951,7,2,,,,1.38,127.53
263180,Slamet,15759,Confirmed Eruption,2,1951,6,26,1952,1,1,-7.242,109.208
263170,Cereme,15729,Confirmed Eruption,2,1951,3,1,1951,3,2,-6.892,108.4
263180,Slamet,15758,Confirmed Eruption,2,1951,2,11,,,,-7.242,109.208
263290,Arjuno-Welirang,15960,Confirmed Eruption,2,1950,10,30,,,,-7.725,112.58
268040,Gamkonora,16590,Confirmed Eruption,2,1950,10,16,,,,1.38,127.53
261140,Marapi,15459,Confirmed Eruption,2,1950,9,27,1952,6,14,-0.381,100.473
264250,Iliwerung,16343,Confirmed Eruption,2,1950,9,10,1950,10,2,-8.53,123.57
263300,Semeru,16006,Confirmed Eruption,2,1950,7,23,1964,12,16,-8.108,112.922
262000,Krakatau,15601,Confirmed Eruption,2,1950,7,3,1950,7,7,-6.102,105.423
263310,Tengger Caldera,13528,Confirmed Eruption,2,1950,5,27,1950,8,16,-7.942,112.95
264220,Iliboleng,16319,Confirmed Eruption,2,1950,3,16,1950,8,16,-8.342,123.258
261220,Kaba,15545,Confirmed Eruption,1,1950,3,16,1951,4,16,-3.522,102.615
261140,Marapi,15458,Confirmed Eruption,2,1949,10,15,1949,10,22,-0.381,100.473
267020,Karangetang,16518,Confirmed Eruption,2,1949,9,14,,,,2.781,125.407
266100,Lokon-Empung,13752,Confirmed Eruption,1,1949,9,14,,,,1.358,124.792
264220,Iliboleng,16318,Confirmed Eruption,2,1949,6,12,,,,-8.342,123.258
262000,Krakatau,15600,Confirmed Eruption,2,1949,5,12,,,,-6.102,105.423
261140,Marapi,15457,Confirmed Eruption,2,1949,4,29,1949,4,30,-0.381,100.473
264250,Iliwerung,16342,Confirmed Eruption,2,1949,4,9,1949,4,29,-8.53,123.57
264220,Iliboleng,16317,Confirmed Eruption,2,1949,2,4,,,,-8.342,123.258
267010,Ruang,16491,Confirmed Eruption,2,1949,1,5,1949,1,19,2.3,125.37
268040,Gamkonora,16589,Confirmed Eruption,2,1949,0,0,,,,1.38,127.53
264030,Rinjani,16220,Confirmed Eruption,0,1949,0,0,1950,7,2,-8.42,116.47
267020,Karangetang,16517,Confirmed Eruption,2,1948,12,0,,,,2.781,125.407
263060,Gede-Pangrango,15663,Confirmed Eruption,2,1948,11,15,1949,2,5,-6.77,106.965
263180,Slamet,15757,Confirmed Eruption,2,1948,11,14,1948,12,15,-7.242,109.208
263250,Merapi,15907,Confirmed Eruption,2,1948,9,29,1948,12,0,-7.542,110.442
264220,Iliboleng,16316,Confirmed Eruption,2,1948,4,29,,,,-8.342,123.258
264250,Iliwerung,16341,Confirmed Eruption,2,1948,4,7,1948,11,26,-8.53,123.57
263310,Tengger Caldera,15621,Confirmed Eruption,3,1948,2,15,1948,4,25,-7.942,112.95
267020,Karangetang,16516,Confirmed Eruption,2,1947,12,1,1947,12,21,2.781,125.407
263060,Gede-Pangrango,15662,Confirmed Eruption,2,1947,9,2,1948,1,28,-6.77,106.965
266030,Soputan,13594,Confirmed Eruption,2,1947,8,22,1947,8,27,1.112,124.737
264270,Sirung,16358,Confirmed Eruption,2,1947,4,0,1947,5,0,-8.508,124.13
267020,Karangetang,16515,Confirmed Eruption,2,1947,2,9,1947,2,9,2.781,125.407
262000,Krakatau,15599,Confirmed Eruption,2,1946,12,26,1947,8,7,-6.102,105.423
263300,Semeru,16005,Confirmed Eruption,2,1946,10,29,1947,6,0,-8.108,112.922
262000,Krakatau,13387,Confirmed Eruption,1,1946,7,25,1946,7,25,-6.102,105.423
263300,Semeru,13459,Confirmed Eruption,2,1946,2,0,1946,5,0,-8.108,112.922
263300,Semeru,10032,Confirmed Eruption,2,1945,6,12,1945,6,18,-8.108,112.922
262000,Krakatau,13386,Confirmed Eruption,2,1945,0,0,,,,-6.102,105.423
264030,Rinjani,16219,Confirmed Eruption,2,1944,12,25,1945,1,1,-8.42,116.47
263200,Dieng Volcanic Complex,15780,Confirmed Eruption,2,1944,12,4,,,,-7.2,109.92
264220,Iliboleng,16315,Confirmed Eruption,2,1944,8,0,1944,10,0,-8.342,123.258
263340,Raung,16135,Confirmed Eruption,2,1944,6,30,1945,4,19,-8.119,114.056
263180,Slamet,15756,Confirmed Eruption,2,1944,5,9,1944,10,30,-7.242,109.208
262000,Krakatau,13385,Confirmed Eruption,2,1944,0,0,,,,-6.102,105.423
263200,Dieng Volcanic Complex,15779,Confirmed Eruption,1,1943,11,3,,,,-7.2,109.92
263180,Slamet,15755,Confirmed Eruption,2,1943,10,2,1944,1,5,-7.242,109.208
263340,Raung,16134,Confirmed Eruption,2,1943,3,17,1943,6,18,-8.119,114.056
262000,Krakatau,13384,Confirmed Eruption,2,1943,0,0,,,,-6.102,105.423
261140,Marapi,15456,Confirmed Eruption,,1943,0,0,,,,-0.381,100.473
266100,Lokon-Empung,13751,Confirmed Eruption,2,1942,9,3,,,,1.358,124.792
263100,Papandayan,15687,Confirmed Eruption,1,1942,8,15,1942,8,16,-7.32,107.73
263250,Merapi,15906,Confirmed Eruption,2,1942,5,30,1945,5,0,-7.542,110.442
262000,Krakatau,15598,Confirmed Eruption,2,1942,1,29,1942,1,30,-6.102,105.423
263340,Raung,16133,Confirmed Eruption,2,1941,12,13,,,,-8.119,114.056
267020,Karangetang,16514,Confirmed Eruption,2,1941,10,30,1941,10,30,2.781,125.407
263300,Semeru,10031,Confirmed Eruption,2,1941,9,21,1942,2,0,-8.108,112.922
264100,Ebulobo,13703,Confirmed Eruption,0,1941,8,23,,,,-8.82,121.18
262000,Krakatau,15597,Confirmed Eruption,2,1941,1,28,1941,2,12,-6.102,105.423
261230,Dempo,15569,Confirmed Eruption,2,1940,7,0,,,,-4.03,103.13
267020,Karangetang,16513,Confirmed Eruption,2,1940,6,20,1940,8,23,2.781,125.407
263310,Tengger Caldera,15620,Confirmed Eruption,2,1940,4,25,1940,7,3,-7.942,112.95
261250,Besar,15578,Confirmed Eruption,1,1940,4,0,,,,-4.43,103.67
263180,Slamet,15753,Confirmed Eruption,2,1940,3,15,1940,4,15,-7.242,109.208
267020,Karangetang,16512,Confirmed Eruption,2,1940,3,1,1940,3,9,2.781,125.407
263340,Raung,16132,Confirmed Eruption,2,1940,0,0,,,,-8.119,114.056
261230,Dempo,15568,Confirmed Eruption,2,1939,12,19,1940,2,21,-4.03,103.13
264180,Lewotobi,16293,Confirmed Eruption,2,1939,12,17,1940,4,21,-8.542,122.775
263250,Merapi,15905,Confirmed Eruption,2,1939,12,13,1940,9,0,-7.542,110.442
263180,Slamet,15752,Confirmed Eruption,2,1939,12,4,1939,12,4,-7.242,109.208
261220,Kaba,15544,Confirmed Eruption,2,1939,11,19,1941,3,14,-3.522,102.615
263200,Dieng Volcanic Complex,15778,Confirmed Eruption,1,1939,10,13,1939,10,15,-7.2,109.92
261230,Dempo,15567,Confirmed Eruption,2,1939,7,18,1939,7,30,-4.03,103.13
263310,Tengger Caldera,13518,Confirmed Eruption,2,1939,6,24,1939,7,0,-7.942,112.95
263040,Perbakti-Gagak,15641,Confirmed Eruption,1,1939,4,6,,,,-6.75,106.7
263180,Slamet,15751,Confirmed Eruption,2,1939,3,29,1939,7,15,-7.242,109.208
263040,Perbakti-Gagak,15640,Confirmed Eruption,1,1938,12,0,,,,-6.75,106.7
268060,Gamalama,16665,Confirmed Eruption,2,1938,9,8,1938,9,8,0.8,127.33
263340,Raung,16131,Confirmed Eruption,2,1938,8,13,1939,1,10,-8.119,114.056
262000,Krakatau,15596,Confirmed Eruption,3,1938,7,4,1940,7,2,-6.102,105.423
264100,Ebulobo,13702,Confirmed Eruption,,1938,5,0,1938,6,0,-8.82,121.18
264140,Kelimutu,16262,Confirmed Eruption,2,1938,5,0,1938,6,0,-8.77,121.82
263050,Salak,13394,Confirmed Eruption,2,1938,1,31,,,,-6.72,106.73
261170,Kerinci,15511,Confirmed Eruption,2,1938,1,19,1938,3,18,-1.697,101.264
266010,Colo,16422,Confirmed Eruption,1,1938,0,0,,,,-0.162,121.601
263340,Raung,16013,Confirmed Eruption,2,1937,10,27,1937,11,27,-8.119,114.056
261170,Kerinci,15510,Confirmed Eruption,2,1937,9,8,,,,-1.697,101.264
262000,Krakatau,15595,Confirmed Eruption,2,1937,8,6,1937,11,23,-6.102,105.423
263170,Cereme,15728,Confirmed Eruption,2,1937,6,24,1938,1,7,-6.892,108.4
261050,"Telong, Bur ni",15401,Confirmed Eruption,,1937,0,0,,,,4.769,96.821
263180,Slamet,15750,Confirmed Eruption,,1937,0,0,,,,-7.242,109.208
261230,Dempo,15566,Confirmed Eruption,2,1936,11,26,1936,11,27,-4.03,103.13
263350,Ijen,16171,Confirmed Eruption,2,1936,11,5,1936,11,25,-8.058,114.242
263040,Perbakti-Gagak,15639,Confirmed Eruption,1,1936,10,26,1936,10,28,-6.75,106.7
262000,Krakatau,15594,Confirmed Eruption,1,1936,10,13,1936,11,0,-6.102,105.423
261170,Kerinci,15509,Confirmed Eruption,2,1936,8,30,1936,8,30,-1.697,101.264
263340,Raung,13686,Confirmed Eruption,2,1936,8,22,1936,12,11,-8.119,114.056
261170,Kerinci,15508,Confirmed Eruption,2,1936,4,29,1936,4,29,-1.697,101.264
264180,Lewotobi,16292,Confirmed Eruption,2,1935,12,0,1935,12,25,-8.542,122.775
267020,Karangetang,16511,Confirmed Eruption,2,1935,8,31,,,,2.781,125.407
263310,Tengger Caldera,15530,Confirmed Eruption,2,1935,7,0,,,,-7.942,112.95
263040,Perbakti-Gagak,15638,Confirmed Eruption,1,1935,5,31,,,,-6.75,106.7
263050,Salak,15646,Confirmed Eruption,2,1935,2,0,,,,-6.72,106.73
262000,Krakatau,15593,Confirmed Eruption,2,1935,1,4,1935,7,12,-6.102,105.423
264270,Sirung,16357,Confirmed Eruption,2,1934,6,14,1934,7,15,-8.508,124.13
261230,Dempo,15565,Confirmed Eruption,2,1934,1,24,1934,4,25,-4.03,103.13
263340,Raung,13685,Confirmed Eruption,2,1933,11,21,1933,12,6,-8.119,114.056
268060,Gamalama,16664,Confirmed Eruption,2,1933,11,12,,,,0.8,127.33
263250,Merapi,15904,Confirmed Eruption,2,1933,10,1,1935,4,0,-7.542,110.442
268010,Dukono,16577,Confirmed Eruption,3,1933,8,13,2017,8,4,1.693,127.894
261270,Suoh,15579,Confirmed Eruption,4,1933,7,10,1933,8,5,-5.25,104.27
263180,Slamet,15748,Confirmed Eruption,1,1933,5,12,1933,5,13,-7.242,109.208
262000,Krakatau,15592,Confirmed Eruption,3,1932,11,14,1934,6,9,-6.102,105.423
268060,Gamalama,16663,Confirmed Eruption,2,1932,11,10,1932,11,13,0.8,127.33
263250,Merapi,15903,Confirmed Eruption,1,1932,11,0,,,,-7.542,110.442
263180,Slamet,15747,Confirmed Eruption,2,1932,7,1,1932,9,10,-7.242,109.208
264180,Lewotobi,16291,Confirmed Eruption,3,1932,5,23,1933,12,26,-8.542,122.775
265060,Nila,16380,Confirmed Eruption,2,1932,3,13,,,,-6.73,129.5
261140,Marapi,15455,Confirmed Eruption,2,1932,0,0,,,,-0.381,100.473
262000,Krakatau,15591,Confirmed Eruption,2,1931,9,23,1932,2,17,-6.102,105.423
267040,Awu,16566,Confirmed Eruption,2,1930,12,0,1931,12,0,3.67,125.5
263250,Merapi,15902,Confirmed Eruption,3,1930,11,25,1931,9,0,-7.542,110.442
267020,Karangetang,16510,Confirmed Eruption,2,1930,11,0,,,,2.781,125.407
266100,Lokon-Empung,13750,Confirmed Eruption,2,1930,8,0,,,,1.358,124.792
263310,Tengger Caldera,16054,Confirmed Eruption,2,1930,5,30,1930,7,0,-7.942,112.95
261140,Marapi,15454,Confirmed Eruption,2,1930,4,9,1930,12,7,-0.381,100.473
263180,Slamet,15746,Confirmed Eruption,2,1930,4,2,1930,4,13,-7.242,109.208
267020,Karangetang,16509,Confirmed Eruption,2,1930,2,4,1930,2,6,2.781,125.407
263310,Tengger Caldera,16053,Confirmed Eruption,2,1929,8,7,1929,9,8,-7.942,112.95
261140,Marapi,15453,Confirmed Eruption,2,1929,6,22,1929,6,22,-0.381,100.473
263180,Slamet,15745,Confirmed Eruption,2,1929,6,6,1929,6,15,-7.242,109.208
263090,Tangkubanparahu,15675,Confirmed Eruption,0,1929,5,20,1929,5,20,-6.77,107.6
263340,Raung,13684,Confirmed Eruption,2,1929,4,27,,,,-8.119,114.056
263040,Perbakti-Gagak,15637,Confirmed Eruption,1,1929,0,0,,,,-6.75,106.7
263310,Tengger Caldera,16052,Confirmed Eruption,2,1928,12,16,,,,-7.942,112.95
263340,Raung,16130,Confirmed Eruption,2,1928,11,0,,,,-8.119,114.056
264150,Paluweh,16266,Confirmed Eruption,3,1928,8,4,1928,9,25,-8.32,121.708
263200,Dieng Volcanic Complex,15777,Confirmed Eruption,2,1928,5,13,,,,-7.2,109.92
263180,Slamet,15744,Confirmed Eruption,2,1928,3,20,1928,5,12,-7.242,109.208
263310,Tengger Caldera,16051,Confirmed Eruption,2,1928,3,15,1928,7,0,-7.942,112.95
264250,Iliwerung,16339,Confirmed Eruption,2,1928,0,0,,,,-8.53,123.57
262000,Krakatau,15590,Confirmed Eruption,2,1927,12,29,1930,8,15,-6.102,105.423
263340,Raung,16129,Confirmed Eruption,2,1927,8,2,1928,3,0,-8.119,114.056
263180,Slamet,15743,Confirmed Eruption,2,1927,2,27,1927,2,27,-7.242,109.208
261140,Marapi,15452,Confirmed Eruption,2,1927,2,5,1927,8,3,-0.381,100.473
264220,Iliboleng,16314,Confirmed Eruption,2,1927,0,0,,,,-8.342,123.258
264050,Sangeang Api,16241,Confirmed Eruption,2,1927,0,0,,,,-8.2,119.07
263180,Slamet,15742,Confirmed Eruption,2,1926,11,23,1926,11,30,-7.242,109.208
267020,Karangetang,16508,Confirmed Eruption,2,1926,10,0,,,,2.781,125.407
264010,Batur,16193,Confirmed Eruption,2,1926,8,2,1926,9,21,-8.242,115.375
268040,Gamkonora,16588,Confirmed Eruption,1,1926,6,0,,,,1.38,127.53
261230,Dempo,15564,Confirmed Eruption,2,1926,4,22,1926,4,24,-4.03,103.13
263090,Tangkubanparahu,15674,Confirmed Eruption,1,1926,3,1,1926,7,9,-6.77,107.6
261140,Marapi,15451,Confirmed Eruption,0,1925,4,0,,,,-0.381,100.473
264010,Batur,16192,Confirmed Eruption,2,1925,1,5,1925,1,5,-8.242,115.375
264220,Iliboleng,16313,Confirmed Eruption,2,1925,0,0,,,,-8.342,123.258
264100,Ebulobo,16160,Confirmed Eruption,2,1924,11,0,,,,-8.82,121.18
263250,Merapi,15901,Confirmed Eruption,1,1924,9,10,1924,9,12,-7.542,110.442
267020,Karangetang,16507,Confirmed Eruption,2,1924,5,0,,,,2.781,125.407
261150,Tandikat-Singgalang,15483,Confirmed Eruption,1,1924,4,0,1924,4,0,-0.39,100.331
264010,Batur,16191,Confirmed Eruption,2,1924,3,0,1924,3,0,-8.242,115.375
263340,Raung,16127,Confirmed Eruption,2,1924,2,0,,,,-8.119,114.056
266030,Soputan,13593,Confirmed Eruption,2,1923,11,27,1924,1,18,1.112,124.737
261170,Kerinci,15507,Confirmed Eruption,1,1923,9,0,1923,9,0,-1.697,101.264
263180,Slamet,15741,Confirmed Eruption,2,1923,6,2,1923,6,2,-7.242,109.208
263040,Perbakti-Gagak,15636,Confirmed Eruption,1,1923,6,0,,,,-6.75,106.7
261230,Dempo,15563,Confirmed Eruption,1,1923,5,19,1923,5,19,-4.03,103.13
268060,Gamalama,16662,Confirmed Eruption,2,1923,4,13,1923,5,6,0.8,127.33
263100,Papandayan,15686,Confirmed Eruption,1,1923,3,11,1925,3,9,-7.32,107.73
264010,Batur,16190,Confirmed Eruption,2,1923,0,0,,,,-8.242,115.375
264010,Batur,16189,Confirmed Eruption,2,1922,8,30,,,,-8.242,115.375
267040,Awu,16565,Confirmed Eruption,0,1922,6,20,1922,9,0,3.67,125.5
267020,Karangetang,16506,Confirmed Eruption,2,1922,5,4,1922,12,13,2.781,125.407
263250,Merapi,15899,Confirmed Eruption,1,1922,2,18,1922,8,8,-7.542,110.442
263310,Tengger Caldera,16050,Confirmed Eruption,2,1922,2,5,1922,6,20,-7.942,112.95
265070,Serua,16394,Confirmed Eruption,2,1921,9,18,,,,-6.312,130.017
263310,Tengger Caldera,16049,Confirmed Eruption,2,1921,6,0,1921,10,17,-7.942,112.95
261180,Sumbing,15535,Confirmed Eruption,2,1921,5,23,1921,6,3,-2.414,101.728
261170,Kerinci,15506,Confirmed Eruption,2,1921,5,0,1921,6,0,-1.697,101.264
261230,Dempo,15562,Confirmed Eruption,1,1921,4,0,1921,4,0,-4.03,103.13
267020,Karangetang,16505,Confirmed Eruption,2,1921,3,0,1921,6,0,2.781,125.407
263340,Raung,16126,Confirmed Eruption,2,1921,2,14,1921,4,0,-8.119,114.056
267040,Awu,16564,Confirmed Eruption,0,1921,2,0,1921,10,1,3.67,125.5
264010,Batur,16188,Confirmed Eruption,2,1921,1,29,1921,4,17,-8.242,115.375
264180,Lewotobi,16290,Confirmed Eruption,2,1921,1,1,1921,12,20,-8.542,122.775
263280,Kelut,15954,Confirmed Eruption,2,1920,12,6,1920,12,12,-7.93,112.308
263250,Merapi,15898,Confirmed Eruption,2,1920,7,25,1921,2,0,-7.542,110.442
264230,Lewotolo,16335,Confirmed Eruption,2,1920,0,0,,,,-8.272,123.505
261050,"Telong, Bur ni",15399,Confirmed Eruption,2,1919,12,0,,,,4.769,96.821
265070,Serua,16393,Confirmed Eruption,2,1919,11,0,,,,-6.312,130.017
263280,Kelut,15953,Confirmed Eruption,4,1919,5,19,1919,5,20,-7.93,112.308
261140,Marapi,15450,Confirmed Eruption,2,1919,2,28,1919,3,1,-0.381,100.473
263050,Salak,15645,Confirmed Eruption,2,1919,0,0,,,,-6.72,106.73
261140,Marapi,15449,Confirmed Eruption,2,1918,8,15,1918,8,15,-0.381,100.473
268060,Gamalama,16661,Confirmed Eruption,1,1918,8,0,1918,9,4,0.8,127.33
267030,Banua Wuhu,16550,Confirmed Eruption,3,1918,7,18,1919,12,1,3.138,125.491
263140,Galunggung,15720,Confirmed Eruption,1,1918,7,17,1918,7,30,-7.25,108.058
261140,Marapi,15448,Confirmed Eruption,2,1918,3,8,1918,3,10,-0.381,100.473
263250,Merapi,15897,Confirmed Eruption,1,1918,1,0,,,,-7.542,110.442
261030,Peuet Sague,15391,Confirmed Eruption,2,1918,0,0,1921,0,0,4.914,96.329
266030,Soputan,13592,Confirmed Eruption,2,1917,11,0,,,,1.112,124.737
268040,Gamkonora,16587,Confirmed Eruption,2,1917,10,18,1917,10,18,1.38,127.53
261140,Marapi,15447,Confirmed Eruption,2,1917,6,16,1917,9,16,-0.381,100.473
261120,Sorikmarapi,15412,Confirmed Eruption,2,1917,5,20,1917,5,20,0.686,99.539
263350,Ijen,16170,Confirmed Eruption,1,1917,2,25,1917,3,14,-8.058,114.242
263340,Raung,16125,Confirmed Eruption,2,1917,2,22,,,,-8.119,114.056
263340,Raung,16124,Confirmed Eruption,2,1916,11,0,1916,12,0,-8.119,114.056
261140,Marapi,15446,Confirmed Eruption,1,1916,5,5,1916,7,7,-0.381,100.473
261140,Marapi,15405,Confirmed Eruption,2,1915,12,0,,,,-0.381,100.473
264030,Rinjani,16217,Confirmed Eruption,2,1915,11,4,,,,-8.42,116.47
263310,Tengger Caldera,16048,Confirmed Eruption,3,1915,11,0,1916,6,0,-7.942,112.95
263340,Raung,16123,Confirmed Eruption,2,1915,5,0,,,,-8.119,114.056
266030,Soputan,13591,Confirmed Eruption,2,1915,4,0,1915,6,0,1.112,124.737
263250,Merapi,15896,Confirmed Eruption,1,1915,3,28,1915,5,15,-7.542,110.442
263300,Semeru,10030,Confirmed Eruption,2,1915,0,0,,,,-8.108,112.922
261140,Marapi,15445,Confirmed Eruption,2,1914,7,1,,,,-0.381,100.473
264180,Lewotobi,16289,Confirmed Eruption,2,1914,6,29,,,,-8.542,122.775
261150,Tandikat-Singgalang,15482,Confirmed Eruption,1,1914,5,31,,,,-0.39,100.331
267010,Ruang,16486,Confirmed Eruption,2,1914,5,29,1915,2,28,2.3,125.37
261140,Marapi,15444,Confirmed Eruption,2,1913,6,23,1913,7,31,-0.381,100.473
263300,Semeru,13583,Confirmed Eruption,2,1913,6,23,1913,6,26,-8.108,112.922
263340,Raung,16122,Confirmed Eruption,2,1913,5,10,1913,12,0,-8.119,114.056
266030,Soputan,13590,Confirmed Eruption,2,1913,4,0,1913,7,0,1.112,124.737
267040,Awu,16563,Confirmed Eruption,2,1913,3,14,1913,3,14,3.67,125.5
263300,Semeru,13582,Confirmed Eruption,2,1912,8,28,,,,-8.108,112.922
264050,Sangeang Api,16240,Confirmed Eruption,2,1912,4,0,,,,-8.2,119.07
263300,Semeru,13581,Confirmed Eruption,3,1911,11,8,1911,12,0,-8.108,112.922
261140,Marapi,15443,Confirmed Eruption,2,1911,11,2,,,,-0.381,100.473
266030,Soputan,13589,Confirmed Eruption,2,1911,11,0,1912,4,0,1.112,124.737
268060,Gamalama,16660,Confirmed Eruption,1,1911,9,2,1911,9,6,0.8,127.33
268030,Ibu,16578,Confirmed Eruption,2,1911,8,30,1911,9,1,1.488,127.63
264050,Sangeang Api,16239,Confirmed Eruption,2,1911,2,13,1911,3,2,-8.2,119.07
268040,Gamkonora,16586,Confirmed Eruption,2,1911,0,0,,,,1.38,127.53
263300,Semeru,13580,Confirmed Eruption,2,1910,11,16,1911,2,0,-8.108,112.922
266030,Soputan,13588,Confirmed Eruption,2,1910,11,15,,,,1.112,124.737
264100,Ebulobo,16159,Confirmed Eruption,2,1910,4,10,,,,-8.82,121.18
263090,Tangkubanparahu,15673,Confirmed Eruption,2,1910,4,7,1910,5,0,-6.77,107.6
263310,Tengger Caldera,16047,Confirmed Eruption,2,1910,1,18,1910,1,21,-7.942,112.95
264250,Iliwerung,16338,Confirmed Eruption,2,1910,0,0,,,,-8.53,123.57
261140,Marapi,15442,Confirmed Eruption,2,1910,0,0,,,,-0.381,100.473
264030,Rinjani,16216,Confirmed Eruption,2,1909,11,30,1909,12,2,-8.42,116.47
264220,Iliboleng,16312,Confirmed Eruption,2,1909,11,9,,,,-8.342,123.258
263300,Semeru,13579,Confirmed Eruption,2,1909,9,0,1910,3,22,-8.108,112.922
261180,Sumbing,15534,Confirmed Eruption,2,1909,6,3,1909,7,0,-2.414,101.728
263060,Gede-Pangrango,15661,Confirmed Eruption,1,1909,5,2,1909,5,2,-6.77,106.965
263250,Merapi,15895,Confirmed Eruption,1,1909,2,1,1913,5,0,-7.542,110.442
263310,Tengger Caldera,16046,Confirmed Eruption,2,1909,1,12,1909,1,14,-7.942,112.95
264180,Lewotobi,16288,Confirmed Eruption,2,1909,1,8,1910,5,26,-8.542,122.775
261170,Kerinci,15505,Confirmed Eruption,2,1908,10,0,1909,0,0,-1.697,101.264
266030,Soputan,13587,Confirmed Eruption,2,1908,6,0,1909,6,0,1.112,124.737
261230,Dempo,15561,Confirmed Eruption,2,1908,2,16,1908,2,17,-4.03,103.13
263300,Semeru,13578,Confirmed Eruption,2,1908,1,0,1908,12,0,-8.108,112.922
263250,Merapi,15894,Confirmed Eruption,1,1908,0,0,,,,-7.542,110.442
261140,Marapi,15441,Confirmed Eruption,2,1907,12,17,1908,9,0,-0.381,100.473
263310,Tengger Caldera,16045,Confirmed Eruption,2,1907,12,14,1908,2,13,-7.942,112.95
268060,Gamalama,16659,Confirmed Eruption,2,1907,11,17,1907,11,20,0.8,127.33
264180,Lewotobi,16287,Confirmed Eruption,3,1907,9,28,1907,10,30,-8.542,122.775
263310,Tengger Caldera,16044,Confirmed Eruption,2,1907,8,28,,,,-7.942,112.95
263300,Semeru,13577,Confirmed Eruption,2,1907,7,9,,,,-8.108,112.922
266030,Soputan,13586,Confirmed Eruption,2,1907,6,5,1907,6,25,1.112,124.737
263300,Semeru,13576,Confirmed Eruption,2,1907,1,7,1907,1,10,-8.108,112.922
261220,Kaba,15542,Confirmed Eruption,2,1907,0,0,,,,-3.522,102.615
263310,Tengger Caldera,16043,Confirmed Eruption,2,1906,9,25,1907,5,18,-7.942,112.95
263210,Sundoro,15803,Confirmed Eruption,2,1906,9,22,1906,12,20,-7.3,109.992
266030,Soputan,13585,Confirmed Eruption,2,1906,6,17,1906,9,0,1.112,124.737
264030,Rinjani,16215,Confirmed Eruption,1,1906,4,29,,,,-8.42,116.47
263250,Merapi,15893,Confirmed Eruption,2,1906,1,26,1907,2,17,-7.542,110.442
261140,Marapi,15440,Confirmed Eruption,2,1905,11,1,,,,-0.381,100.473
264090,Inielika,16257,Confirmed Eruption,2,1905,11,0,1905,11,0,-8.73,120.98
263300,Semeru,13575,Confirmed Eruption,2,1905,8,4,,,,-8.108,112.922
267020,Karangetang,16504,Confirmed Eruption,2,1905,5,21,1905,5,22,2.781,125.407
263250,Merapi,15892,Confirmed Eruption,2,1905,1,0,1905,6,1,-7.542,110.442
261230,Dempo,15560,Confirmed Eruption,0,1905,0,0,,,,-4.03,103.13
264010,Batur,16187,Confirmed Eruption,2,1905,0,0,,,,-8.242,115.375
266110,Mahawu,16467,Confirmed Eruption,2,1904,10,4,,,,1.352,124.865
267030,Banua Wuhu,16549,Confirmed Eruption,2,1904,8,27,,,,3.138,125.491
263180,Slamet,15740,Confirmed Eruption,2,1904,7,14,1904,8,9,-7.242,109.208
265050,Teon,16378,Confirmed Eruption,2,1904,6,3,,,,-6.976,129.144
267010,Ruang,16485,Confirmed Eruption,3,1904,4,22,1905,5,27,2.3,125.37
261140,Marapi,15439,Confirmed Eruption,1,1904,4,18,1904,4,18,-0.381,100.473
267030,Banua Wuhu,16548,Confirmed Eruption,2,1904,4,17,1904,4,18,3.138,125.491
263300,Semeru,13574,Confirmed Eruption,2,1904,1,2,1904,1,16,-8.108,112.922
264010,Batur,16186,Confirmed Eruption,2,1904,0,0,,,,-8.242,115.375
264220,Iliboleng,16311,Confirmed Eruption,2,1904,0,0,,,,-8.342,123.258
265060,Nila,16379,Confirmed Eruption,2,1903,12,8,,,,-6.73,129.5
263340,Raung,16121,Confirmed Eruption,2,1903,11,28,1904,1,0,-8.119,114.056
263210,Sundoro,15802,Confirmed Eruption,2,1903,10,17,1903,10,21,-7.3,109.992
263300,Semeru,13573,Confirmed Eruption,2,1903,3,26,1903,6,0,-8.108,112.922
263250,Merapi,15891,Confirmed Eruption,2,1902,12,0,1904,6,20,-7.542,110.442
263210,Sundoro,15801,Confirmed Eruption,1,1902,5,1,1902,5,25,-7.3,109.992
263340,Raung,16120,Confirmed Eruption,2,1902,2,16,1902,2,27,-8.119,114.056
263250,Merapi,15890,Confirmed Eruption,1,1902,2,3,1902,2,3,-7.542,110.442
263050,Salak,15644,Confirmed Eruption,2,1902,0,0,1903,0,0,-6.72,106.73
264030,Rinjani,16214,Confirmed Eruption,2,1901,6,1,1901,6,2,-8.42,116.47
263280,Kelut,15952,Confirmed Eruption,3,1901,5,22,1901,5,23,-7.93,112.308
265090,Banda Api,16418,Confirmed Eruption,2,1901,5,18,,,,-4.523,129.881
266030,Soputan,13584,Confirmed Eruption,2,1901,2,4,,,,1.112,124.737
263300,Semeru,13572,Confirmed Eruption,2,1901,1,29,1901,1,30,-8.108,112.922
268010,Dukono,16576,Confirmed Eruption,2,1901,0,0,,,,1.693,127.894
264030,Rinjani,16213,Confirmed Eruption,2,1900,11,30,1900,12,2,-8.42,116.47
261230,Dempo,15559,Confirmed Eruption,2,1900,10,26,1900,10,27,-4.03,103.13
261230,Dempo,15558,Confirmed Eruption,2,1900,6,4,1900,6,4,-4.03,103.13
263300,Semeru,13571,Confirmed Eruption,2,1900,3,29,1900,4,11,-8.108,112.922
267020,Karangetang,16503,Confirmed Eruption,2,1900,0,0,,,,2.781,125.407
263300,Semeru,16004,Confirmed Eruption,2,1899,12,0,,,,-8.108,112.922
263300,Semeru,16003,Confirmed Eruption,2,1899,8,11,,,,-8.108,112.922
264230,Lewotolo,16334,Confirmed Eruption,2,1899,6,2,,,,-8.272,123.505
263060,Gede-Pangrango,15660,Confirmed Eruption,2,1899,5,1,1899,5,14,-6.77,106.965
263300,Semeru,16002,Confirmed Eruption,2,1899,1,17,1899,3,31,-8.108,112.922
267020,Karangetang,16502,Confirmed Eruption,2,1899,0,0,,,,2.781,125.407
268060,Gamalama,16657,Confirmed Eruption,2,1898,5,14,1898,5,28,0.8,127.33
266010,Colo,16421,Confirmed Eruption,3,1898,5,2,1900,0,0,-0.162,121.601
263300,Semeru,16001,Confirmed Eruption,2,1898,2,23,,,,-8.108,112.922
263320,Lamongan,16101,Confirmed Eruption,2,1898,2,5,1898,2,15,-7.979,113.342
268060,Gamalama,16656,Confirmed Eruption,1,1897,9,7,1897,9,24,0.8,127.33
263340,Raung,16119,Confirmed Eruption,2,1897,4,0,,,,-8.119,114.056
263300,Semeru,16000,Confirmed Eruption,2,1897,1,1,1897,1,3,-8.108,112.922
264010,Batur,16185,Confirmed Eruption,2,1897,0,0,,,,-8.242,115.375
263250,Merapi,15889,Confirmed Eruption,2,1897,0,0,,,,-7.542,110.442
263320,Lamongan,16100,Confirmed Eruption,2,1896,9,5,1896,9,19,-7.979,113.342
263340,Raung,16118,Confirmed Eruption,2,1896,8,0,,,,-8.119,114.056
263090,Tangkubanparahu,15672,Confirmed Eruption,2,1896,5,22,1896,5,23,-6.77,107.6
263300,Semeru,15999,Confirmed Eruption,2,1896,5,0,1896,6,0,-8.108,112.922
263310,Tengger Caldera,16042,Confirmed Eruption,2,1896,0,0,,,,-7.942,112.95
268060,Gamalama,16654,Confirmed Eruption,1,1895,12,19,1895,12,19,0.8,127.33
261230,Dempo,15557,Confirmed Eruption,2,1895,7,2,1895,9,30,-4.03,103.13
267030,Banua Wuhu,16547,Confirmed Eruption,2,1895,7,0,1895,12,26,3.138,125.491
263300,Semeru,15998,Confirmed Eruption,2,1895,5,22,1895,10,1,-8.108,112.922
263140,Galunggung,15719,Confirmed Eruption,3,1894,10,17,1894,12,0,-7.25,108.058
263250,Merapi,15888,Confirmed Eruption,1,1894,10,0,,,,-7.542,110.442
263250,Merapi,15887,Confirmed Eruption,2,1894,1,27,1894,2,2,-7.542,110.442
263300,Semeru,15997,Confirmed Eruption,2,1893,12,11,1894,2,0,-8.108,112.922
263320,Lamongan,16099,Confirmed Eruption,2,1893,11,18,,,,-7.979,113.342
263250,Merapi,15886,Confirmed Eruption,1,1893,10,0,,,,-7.542,110.442
266100,Lokon-Empung,16444,Confirmed Eruption,2,1893,3,29,1894,8,14,1.358,124.792
263310,Tengger Caldera,16041,Confirmed Eruption,2,1893,1,13,1893,3,27,-7.942,112.95
261120,Sorikmarapi,15411,Confirmed Eruption,2,1893,1,4,1893,1,4,0.686,99.539
263300,Semeru,15996,Confirmed Eruption,2,1893,1,0,1893,5,0,-8.108,112.922
267040,Awu,16562,Confirmed Eruption,2,1893,0,0,,,,3.67,125.5
267020,Karangetang,16501,Confirmed Eruption,2,1892,6,14,,,,2.781,125.407
267040,Awu,16561,Confirmed Eruption,3,1892,6,7,1892,6,12,3.67,125.5
265040,Wurlali,16373,Confirmed Eruption,2,1892,6,3,1892,6,5,-7.125,128.675
261120,Sorikmarapi,15410,Confirmed Eruption,2,1892,5,21,,,,0.686,99.539
263300,Semeru,15995,Confirmed Eruption,2,1892,3,0,1892,4,0,-8.108,112.922
263320,Lamongan,16098,Confirmed Eruption,2,1891,9,25,1891,10,5,-7.979,113.342
263250,Merapi,15885,Confirmed Eruption,2,1891,8,25,1892,0,0,-7.542,110.442
263060,Gede-Pangrango,15659,Confirmed Eruption,2,1891,0,0,,,,-6.77,106.965
265090,Banda Api,16417,Confirmed Eruption,2,1890,11,23,1890,11,23,-4.523,129.881
263320,Lamongan,16097,Confirmed Eruption,2,1890,9,5,1891,1,0,-7.979,113.342
263180,Slamet,15739,Confirmed Eruption,2,1890,8,6,1890,8,29,-7.242,109.208
263340,Raung,16117,Confirmed Eruption,2,1890,7,0,1890,9,15,-8.119,114.056
268070,Makian,16688,Confirmed Eruption,2,1890,6,20,1890,6,30,0.32,127.4
263310,Tengger Caldera,16040,Confirmed Eruption,2,1890,5,0,1890,9,0,-7.942,112.95
263320,Lamongan,16096,Confirmed Eruption,2,1890,3,23,1890,5,0,-7.979,113.342
266030,Soputan,13460,Confirmed Eruption,2,1890,0,0,,,,1.112,124.737
263320,Lamongan,16095,Confirmed Eruption,2,1889,9,7,1889,11,0,-7.979,113.342
267030,Banua Wuhu,16546,Confirmed Eruption,2,1889,9,6,1889,9,9,3.138,125.491
263250,Merapi,15884,Confirmed Eruption,1,1889,7,0,,,,-7.542,110.442
267010,Ruang,16484,Confirmed Eruption,1,1889,6,0,,,,2.3,125.37
261140,Marapi,15438,Confirmed Eruption,2,1889,3,27,1889,4,17,-0.381,100.473
261150,Tandikat-Singgalang,15480,Confirmed Eruption,1,1889,2,19,1889,12,4,-0.39,100.331
263300,Semeru,15994,Confirmed Eruption,2,1889,1,0,1891,5,31,-8.108,112.922
264180,Lewotobi,16286,Confirmed Eruption,2,1889,0,0,,,,-8.542,122.775
263320,Lamongan,16094,Confirmed Eruption,2,1888,9,0,1888,10,6,-7.979,113.342
263250,Merapi,15883,Confirmed Eruption,2,1888,8,18,1888,12,20,-7.542,110.442
264010,Batur,16184,Confirmed Eruption,2,1888,5,30,1888,5,31,-8.242,115.375
261140,Marapi,15437,Confirmed Eruption,2,1888,2,19,1888,3,19,-0.381,100.473
263300,Semeru,15993,Confirmed Eruption,2,1888,2,0,1888,10,0,-8.108,112.922
264100,Ebulobo,16158,Confirmed Eruption,2,1888,0,0,,,,-8.82,121.18
264220,Iliboleng,16310,Confirmed Eruption,2,1888,0,0,,,,-8.342,123.258
263060,Gede-Pangrango,15657,Confirmed Eruption,2,1888,0,0,,,,-6.77,106.965
263210,Sundoro,15800,Confirmed Eruption,2,1887,11,13,1887,11,14,-7.3,109.992
263320,Lamongan,16093,Confirmed Eruption,2,1887,11,0,1888,2,27,-7.979,113.342
263060,Gede-Pangrango,15656,Confirmed Eruption,2,1887,10,22,1887,10,22,-6.77,106.965
263300,Semeru,15992,Confirmed Eruption,2,1887,8,0,1887,10,11,-8.108,112.922
263320,Lamongan,16092,Confirmed Eruption,2,1887,7,3,1887,7,9,-7.979,113.342
267020,Karangetang,16500,Confirmed Eruption,2,1887,5,27,1887,5,27,2.781,125.407
261170,Kerinci,15504,Confirmed Eruption,2,1887,3,23,1887,3,30,-1.697,101.264
263300,Semeru,15991,Confirmed Eruption,2,1887,2,0,1887,3,0,-8.108,112.922
263310,Tengger Caldera,16038,Confirmed Eruption,2,1886,11,11,1887,1,25,-7.942,112.95
263060,Gede-Pangrango,15655,Confirmed Eruption,2,1886,6,10,1886,8,16,-6.77,106.965
267020,Karangetang,16499,Confirmed Eruption,2,1886,4,25,1886,6,19,2.781,125.407
263310,Tengger Caldera,16037,Confirmed Eruption,2,1886,4,15,1886,4,26,-7.942,112.95
261140,Marapi,15436,Confirmed Eruption,2,1886,3,31,1886,5,3,-0.381,100.473
263300,Semeru,15990,Confirmed Eruption,2,1886,1,25,1886,8,26,-8.108,112.922
263260,Lawu,15909,Confirmed Eruption,1,1885,11,28,1885,11,28,-7.625,111.192
261140,Marapi,15435,Confirmed Eruption,2,1885,11,12,,,,-0.381,100.473
263310,Tengger Caldera,16036,Confirmed Eruption,2,1885,10,31,1886,1,10,-7.942,112.95
264220,Iliboleng,16309,Confirmed Eruption,2,1885,9,0,1885,10,0,-8.342,123.258
267040,Awu,16560,Confirmed Eruption,2,1885,8,18,,,,3.67,125.5
263340,Raung,16116,Confirmed Eruption,2,1885,6,21,1885,6,22,-8.119,114.056
263310,Tengger Caldera,16035,Confirmed Eruption,2,1885,6,0,,,,-7.942,112.95
263180,Slamet,15738,Confirmed Eruption,2,1885,3,21,1885,3,30,-7.242,109.208
263320,Lamongan,16091,Confirmed Eruption,2,1885,3,11,1886,10,15,-7.979,113.342
263250,Merapi,15882,Confirmed Eruption,1,1885,2,24,1887,0,0,-7.542,110.442
268040,Gamkonora,16585,Confirmed Eruption,2,1885,0,0,,,,1.38,127.53
263300,Semeru,15989,Confirmed Eruption,2,1884,12,10,1885,9,0,-8.108,112.922
264030,Rinjani,16212,Confirmed Eruption,2,1884,8,8,1884,8,10,-8.42,116.47
261230,Dempo,15556,Confirmed Eruption,2,1884,6,0,1884,7,0,-4.03,103.13
268060,Gamalama,16652,Confirmed Eruption,2,1884,5,0,1884,5,0,0.8,127.33
263320,Lamongan,16090,Confirmed Eruption,2,1884,1,6,1884,6,23,-7.979,113.342
263200,Dieng Volcanic Complex,15776,Confirmed Eruption,1,1883,12,26,1884,3,18,-7.2,109.92
261140,Marapi,15434,Confirmed Eruption,1,1883,12,0,1883,12,0,-0.381,100.473
267040,Awu,16559,Confirmed Eruption,2,1883,8,25,1883,8,26,3.67,125.5
267020,Karangetang,16498,Confirmed Eruption,2,1883,8,25,1883,8,26,2.781,125.407
263210,Sundoro,15799,Confirmed Eruption,2,1883,8,0,,,,-7.3,109.992
261140,Marapi,15433,Confirmed Eruption,1,1883,6,25,1883,8,27,-0.381,100.473
262000,Krakatau,15589,Confirmed Eruption,6,1883,5,20,1883,10,21,-6.102,105.423
263320,Lamongan,16089,Confirmed Eruption,2,1883,4,13,1883,5,4,-7.979,113.342
263250,Merapi,15881,Confirmed Eruption,1,1883,1,0,1884,11,0,-7.542,110.442
263210,Sundoro,15798,Confirmed Eruption,2,1882,4,1,1882,4,7,-7.3,109.992
264110,Iya,13715,Confirmed Eruption,2,1882,0,0,,,,-8.897,121.645
261230,Dempo,15555,Confirmed Eruption,2,1881,12,0,1881,12,0,-4.03,103.13
264200,Leroboleng,16307,Confirmed Eruption,2,1881,3,16,,,,-8.365,122.833
261230,Dempo,15554,Confirmed Eruption,2,1881,2,16,,,,-4.03,103.13
263340,Raung,16115,Confirmed Eruption,,1881,0,0,,,,-8.119,114.056
261070,Singkut,15402,Confirmed Eruption,,1881,0,0,,,,3.248,98.501
261230,Dempo,15553,Confirmed Eruption,2,1880,5,0,,,,-4.03,103.13
264040,Tambora,16233,Confirmed Eruption,2,1880,0,0,,,,-8.25,118
266130,Tangkoko-Duasudara,15943,Confirmed Eruption,1,1880,0,0,,,,1.518,125.185
261230,Dempo,15552,Confirmed Eruption,2,1879,5,18,,,,-4.03,103.13
263300,Semeru,15987,Confirmed Eruption,2,1879,0,0,,,,-8.108,112.922
261120,Sorikmarapi,15408,Confirmed Eruption,2,1879,0,0,,,,0.686,99.539
261170,Kerinci,15503,Confirmed Eruption,2,1878,12,11,,,,-1.697,101.264
263250,Merapi,15880,Confirmed Eruption,2,1878,0,0,1879,6,20,-7.542,110.442
263300,Semeru,15986,Confirmed Eruption,2,1878,0,0,,,,-8.108,112.922
263300,Semeru,15985,Confirmed Eruption,2,1877,9,0,,,,-8.108,112.922
263320,Lamongan,16088,Confirmed Eruption,3,1877,4,24,1877,5,12,-7.979,113.342
263310,Tengger Caldera,16034,Confirmed Eruption,2,1877,4,24,,,,-7.942,112.95
263300,Semeru,15984,Confirmed Eruption,2,1877,4,0,,,,-8.108,112.922
261140,Marapi,15431,Confirmed Eruption,2,1876,8,0,1877,6,0,-0.381,100.473
261140,Marapi,15430,Confirmed Eruption,2,1876,4,4,,,,-0.381,100.473
261160,Talang,15488,Confirmed Eruption,2,1876,0,0,,,,-0.979,100.681
264200,Leroboleng,16306,Confirmed Eruption,2,1876,0,0,,,,-8.365,122.833
263180,Slamet,15737,Confirmed Eruption,2,1875,11,2,1875,12,26,-7.242,109.208
267040,Awu,16558,Confirmed Eruption,2,1875,8,0,1875,8,0,3.67,125.5
263180,Slamet,15736,Confirmed Eruption,2,1875,5,29,1875,6,4,-7.242,109.208
267010,Ruang,16483,Confirmed Eruption,2,1874,11,15,,,,2.3,125.37
263320,Lamongan,16087,Confirmed Eruption,2,1874,5,20,1874,8,21,-7.979,113.342
261170,Kerinci,15502,Confirmed Eruption,2,1874,0,0,,,,-1.697,101.264
261220,Kaba,15541,Confirmed Eruption,2,1873,0,0,1892,11,1,-3.522,102.615
264200,Leroboleng,16305,Confirmed Eruption,2,1873,0,0,,,,-8.365,122.833
263250,Merapi,15879,Confirmed Eruption,2,1872,11,3,1873,1,0,-7.542,110.442
263300,Semeru,15983,Confirmed Eruption,2,1872,10,23,1872,10,23,-8.108,112.922
263320,Lamongan,16086,Confirmed Eruption,2,1872,8,15,1872,9,18,-7.979,113.342
263250,Merapi,15878,Confirmed Eruption,4,1872,4,15,1872,4,21,-7.542,110.442
261140,Marapi,15429,Confirmed Eruption,2,1871,9,24,,,,-0.381,100.473
264110,Iya,13714,Confirmed Eruption,2,1871,9,1,,,,-8.897,121.645
268060,Gamalama,16651,Confirmed Eruption,2,1871,8,7,1871,9,25,0.8,127.33
261140,Marapi,15428,Confirmed Eruption,2,1871,4,24,,,,-0.381,100.473
267010,Ruang,16482,Confirmed Eruption,2,1871,3,2,1871,3,14,2.3,125.37
267010,Ruang,16481,Confirmed Eruption,3,1870,8,27,1870,8,28,2.3,125.37
263320,Lamongan,16085,Confirmed Eruption,2,1870,8,18,1871,2,5,-7.979,113.342
263060,Gede-Pangrango,15653,Confirmed Eruption,2,1870,8,0,1870,10,3,-6.77,106.965
263320,Lamongan,16084,Confirmed Eruption,2,1870,3,2,1870,3,5,-7.979,113.342
264250,Iliwerung,16337,Confirmed Eruption,3,1870,0,0,,,,-8.53,123.57
263320,Lamongan,16083,Confirmed Eruption,2,1869,9,12,,,,-7.979,113.342
264180,Lewotobi,16285,Confirmed Eruption,2,1869,7,7,1869,7,27,-8.542,122.775
263320,Lamongan,16082,Confirmed Eruption,2,1869,4,6,1869,5,4,-7.979,113.342
264180,Lewotobi,16284,Confirmed Eruption,2,1868,12,15,,,,-8.542,122.775
268060,Gamalama,16649,Confirmed Eruption,2,1868,11,13,1869,2,10,0.8,127.33
261220,Kaba,15540,Confirmed Eruption,2,1868,10,0,1869,0,0,-3.522,102.615
264180,Lewotobi,16283,Confirmed Eruption,2,1868,7,13,,,,-8.542,122.775
264110,Iya,16177,Confirmed Eruption,2,1868,5,4,,,,-8.897,121.645
268060,Gamalama,16648,Confirmed Eruption,1,1868,3,13,1868,3,13,0.8,127.33
268010,Dukono,16575,Confirmed Eruption,2,1868,0,0,,,,1.693,127.894
263310,Tengger Caldera,13450,Confirmed Eruption,2,1867,12,13,1868,1,12,-7.942,112.95
263300,Semeru,15982,Confirmed Eruption,2,1867,4,15,1867,5,0,-8.108,112.922
264110,Iya,13708,Confirmed Eruption,2,1867,1,0,,,,-8.897,121.645
263060,Gede-Pangrango,15652,Confirmed Eruption,2,1866,9,18,,,,-6.77,106.965
263310,Tengger Caldera,13449,Confirmed Eruption,2,1866,7,0,,,,-7.942,112.95
263310,Tengger Caldera,13448,Confirmed Eruption,2,1865,12,1,1865,12,18,-7.942,112.95
263250,Merapi,15877,Confirmed Eruption,2,1865,10,24,1871,8,0,-7.542,110.442
264180,Lewotobi,16282,Confirmed Eruption,2,1865,5,4,,,,-8.542,122.775
263300,Semeru,15980,Confirmed Eruption,2,1865,4,15,,,,-8.108,112.922
263310,Tengger Caldera,15988,Confirmed Eruption,2,1865,4,0,1865,5,0,-7.942,112.95
264140,Kelimutu,16261,Confirmed Eruption,2,1865,0,0,,,,-8.77,121.82
268060,Gamalama,16647,Confirmed Eruption,2,1864,12,27,1865,1,2,0.8,127.33
268070,Makian,16687,Confirmed Eruption,1,1864,10,0,1864,10,0,0.32,127.4
263340,Raung,15921,Confirmed Eruption,2,1864,7,2,1864,12,0,-8.119,114.056
263320,Lamongan,16081,Confirmed Eruption,2,1864,6,9,1864,7,0,-7.979,113.342
267020,Karangetang,16497,Confirmed Eruption,2,1864,6,6,,,,2.781,125.407
268060,Gamalama,16645,Confirmed Eruption,2,1864,1,20,1864,2,17,0.8,127.33
263280,Kelut,15949,Confirmed Eruption,2,1864,1,4,1864,1,4,-7.93,112.308
264230,Lewotolo,16333,Confirmed Eruption,2,1864,0,0,,,,-8.272,123.505
268070,Makian,16686,Confirmed Eruption,1,1863,8,25,1863,8,31,0.32,127.4
261140,Marapi,15427,Confirmed Eruption,2,1863,5,23,,,,-0.381,100.473
268060,Gamalama,16643,Confirmed Eruption,2,1862,7,15,1862,10,0,0.8,127.33
263250,Merapi,15848,Confirmed Eruption,2,1862,5,26,1864,0,0,-7.542,110.442
268070,Makian,16685,Confirmed Eruption,4,1861,12,28,1862,10,0,0.32,127.4
264180,Lewotobi,16281,Confirmed Eruption,2,1861,5,4,1861,5,18,-8.542,122.775
261140,Marapi,15426,Confirmed Eruption,2,1861,4,0,,,,-0.381,100.473
263250,Merapi,15847,Confirmed Eruption,2,1861,0,0,,,,-7.542,110.442
263320,Lamongan,16080,Confirmed Eruption,2,1861,0,0,,,,-7.979,113.342
264050,Sangeang Api,16238,Confirmed Eruption,2,1860,9,11,1860,10,0,-8.2,119.07
263340,Raung,15920,Confirmed Eruption,2,1860,9,0,,,,-8.119,114.056
263310,Tengger Caldera,16033,Confirmed Eruption,2,1860,6,12,1860,6,14,-7.942,112.95
263300,Semeru,15978,Confirmed Eruption,2,1860,4,0,1860,6,0,-8.108,112.922
263180,Slamet,15735,Confirmed Eruption,2,1860,3,19,1860,4,11,-7.242,109.208
263340,Raung,15919,Confirmed Eruption,2,1859,12,14,,,,-8.119,114.056
263320,Lamongan,16079,Confirmed Eruption,2,1859,2,27,1859,3,0,-7.979,113.342
263310,Tengger Caldera,16032,Confirmed Eruption,2,1859,1,30,1859,3,4,-7.942,112.95
265070,Serua,16392,Confirmed Eruption,2,1859,0,0,,,,-6.312,130.017
263310,Tengger Caldera,16031,Confirmed Eruption,2,1858,10,18,,,,-7.942,112.95
263310,Tengger Caldera,16030,Confirmed Eruption,2,1858,3,4,,,,-7.942,112.95
265070,Serua,16391,Confirmed Eruption,2,1858,0,0,,,,-6.312,130.017
263300,Semeru,15977,Confirmed Eruption,2,1857,8,13,1857,9,0,-8.108,112.922
263310,Tengger Caldera,16029,Confirmed Eruption,2,1857,0,0,,,,-7.942,112.95
263310,Tengger Caldera,16028,Confirmed Eruption,2,1856,9,10,,,,-7.942,112.95
263300,Semeru,15976,Confirmed Eruption,2,1856,9,10,,,,-8.108,112.922
267010,Ruang,16480,Confirmed Eruption,1,1856,9,0,,,,2.3,125.37
261050,"Telong, Bur ni",15398,Confirmed Eruption,2,1856,4,14,,,,4.769,96.821
267040,Awu,16557,Confirmed Eruption,3,1856,3,2,1856,3,17,3.67,125.5
263320,Lamongan,16078,Confirmed Eruption,2,1856,3,1,1856,6,14,-7.979,113.342
261140,Marapi,15425,Confirmed Eruption,2,1855,10,2,1856,1,0,-0.381,100.473
261140,Marapi,15422,Confirmed Eruption,2,1854,8,29,,,,-0.381,100.473
264010,Batur,16183,Confirmed Eruption,1,1854,4,28,,,,-8.242,115.375
261220,Kaba,15539,Confirmed Eruption,2,1853,11,0,,,,-3.522,102.615
263060,Gede-Pangrango,15651,Confirmed Eruption,3,1853,3,14,1853,3,14,-6.77,106.965
261230,Dempo,15551,Confirmed Eruption,2,1853,1,1,,,,-4.03,103.13
264230,Lewotolo,16332,Confirmed Eruption,2,1852,10,5,1852,10,6,-8.272,123.505
263060,Gede-Pangrango,15650,Confirmed Eruption,2,1852,5,28,1852,5,28,-6.77,106.965
263280,Kelut,15948,Confirmed Eruption,2,1851,1,24,,,,-7.93,112.308
263300,Semeru,15975,Confirmed Eruption,2,1851,1,0,,,,-8.108,112.922
263340,Raung,15918,Confirmed Eruption,,1849,12,1,,,,-8.119,114.056
263180,Slamet,15734,Confirmed Eruption,2,1849,12,1,,,,-7.242,109.208
268060,Gamalama,16640,Confirmed Eruption,2,1849,11,27,1850,11,19,0.8,127.33
264230,Lewotolo,16331,Confirmed Eruption,2,1849,10,6,,,,-8.272,123.505
263250,Merapi,15876,Confirmed Eruption,3,1849,9,14,1849,9,24,-7.542,110.442
263320,Lamongan,16077,Confirmed Eruption,2,1849,6,0,1849,9,0,-7.979,113.342
263250,Merapi,15875,Confirmed Eruption,2,1849,4,26,1849,4,26,-7.542,110.442
264010,Batur,16182,Confirmed Eruption,2,1849,0,0,,,,-8.242,115.375
263300,Semeru,15973,Confirmed Eruption,2,1848,8,4,,,,-8.108,112.922
263280,Kelut,15946,Confirmed Eruption,3,1848,5,16,1848,5,17,-7.93,112.308
263060,Gede-Pangrango,15649,Confirmed Eruption,2,1848,5,8,,,,-6.77,106.965
263300,Semeru,15972,Confirmed Eruption,2,1848,2,0,,,,-8.108,112.922
263200,Dieng Volcanic Complex,15775,Confirmed Eruption,2,1847,12,4,,,,-7.2,109.92
263060,Gede-Pangrango,15648,Confirmed Eruption,2,1847,10,17,1847,10,18,-6.77,106.965
263130,Guntur,15712,Confirmed Eruption,2,1847,10,16,1847,10,28,-7.143,107.84
263320,Lamongan,16076,Confirmed Eruption,2,1847,9,25,,,,-7.979,113.342
268060,Gamalama,16639,Confirmed Eruption,,1847,9,7,1847,9,7,0.8,127.33
263320,Lamongan,16075,Confirmed Eruption,2,1847,3,26,1847,6,26,-7.979,113.342
263180,Slamet,15733,Confirmed Eruption,2,1847,3,20,,,,-7.242,109.208
268060,Gamalama,16637,Confirmed Eruption,2,1847,2,7,1847,2,7,0.8,127.33
264260,"Tara, Batu",16351,Confirmed Eruption,2,1847,0,0,1852,8,31,-7.791,123.585
264030,Rinjani,16211,Confirmed Eruption,2,1846,9,10,1846,9,12,-8.42,116.47
263250,Merapi,15873,Confirmed Eruption,3,1846,9,2,1847,10,0,-7.542,110.442
265070,Serua,16390,Confirmed Eruption,2,1846,9,0,,,,-6.312,130.017
263090,Tangkubanparahu,15671,Confirmed Eruption,2,1846,5,27,,,,-6.77,107.6
268060,Gamalama,16636,Confirmed Eruption,2,1846,5,19,1846,5,19,0.8,127.33
263250,Merapi,15872,Confirmed Eruption,2,1846,4,6,,,,-7.542,110.442
266110,Mahawu,16466,Confirmed Eruption,2,1846,0,0,,,,1.352,124.865
261140,Marapi,15421,Confirmed Eruption,2,1845,11,16,1845,11,18,-0.381,100.473
261160,Talang,15486,Confirmed Eruption,2,1845,4,22,,,,-0.979,100.681
266030,Soputan,16425,Confirmed Eruption,2,1845,2,8,,,,1.112,124.737
263060,Gede-Pangrango,15647,Confirmed Eruption,2,1845,1,23,1845,3,5,-6.77,106.965
263300,Semeru,15971,Confirmed Eruption,2,1845,1,0,1845,7,0,-8.108,112.922
266020,Ambang,16424,Confirmed Eruption,,1845,0,0,,,,0.75,124.42
263310,Tengger Caldera,16027,Confirmed Eruption,2,1844,11,9,,,,-7.942,112.95
263300,Semeru,15970,Confirmed Eruption,2,1844,9,25,1844,9,27,-8.108,112.922
265070,Serua,16388,Confirmed Eruption,2,1844,8,0,1844,9,0,-6.312,130.017
264110,Iya,13707,Confirmed Eruption,2,1844,5,0,,,,-8.897,121.645
263130,Guntur,15711,Confirmed Eruption,2,1843,11,26,1843,11,26,-7.143,107.84
261160,Talang,15485,Confirmed Eruption,2,1843,10,21,,,,-0.979,100.681
263320,Lamongan,16074,Confirmed Eruption,2,1843,8,0,1844,9,0,-7.979,113.342
263060,Gede-Pangrango,15632,Confirmed Eruption,2,1843,7,28,,,,-6.77,106.965
268060,Gamalama,16633,Confirmed Eruption,2,1843,4,10,1843,5,27,0.8,127.33
263130,Guntur,15710,Confirmed Eruption,3,1843,1,4,1843,1,4,-7.143,107.84
263310,Tengger Caldera,16026,Confirmed Eruption,2,1843,1,0,,,,-7.942,112.95
264020,Agung,16209,Confirmed Eruption,5,1843,0,0,,,,-8.342,115.508
266130,Tangkoko-Duasudara,16476,Confirmed Eruption,2,1843,0,0,1846,0,0,1.518,125.185
268060,Gamalama,16632,Confirmed Eruption,1,1842,10,6,1842,12,31,0.8,127.33
263310,Tengger Caldera,16025,Confirmed Eruption,2,1842,1,24,1842,6,0,-7.942,112.95
263300,Semeru,15969,Confirmed Eruption,2,1842,1,0,1842,3,0,-8.108,112.922
263090,Tangkubanparahu,15670,Confirmed Eruption,,1842,0,0,,,,-6.77,107.6
261170,Kerinci,15501,Confirmed Eruption,2,1842,0,0,,,,-1.697,101.264
263130,Guntur,15709,Confirmed Eruption,2,1841,11,14,1841,11,14,-7.143,107.84
263320,Lamongan,16073,Confirmed Eruption,2,1841,7,16,1842,8,0,-7.979,113.342
263060,Gede-Pangrango,15631,Confirmed Eruption,3,1840,11,12,1840,12,11,-6.77,106.965
263130,Guntur,15708,Confirmed Eruption,2,1840,5,20,1840,5,24,-7.143,107.84
268060,Gamalama,16630,Confirmed Eruption,3,1840,2,2,1840,9,29,0.8,127.33
263250,Merapi,15871,Confirmed Eruption,1,1840,1,4,,,,-7.542,110.442
267010,Ruang,16479,Confirmed Eruption,2,1840,0,0,,,,2.3,125.37
268060,Gamalama,16629,Confirmed Eruption,2,1839,1,29,1839,3,26,0.8,127.33
261020,Seulawah Agam,15390,Confirmed Eruption,2,1839,1,12,1839,1,13,5.448,95.658
261050,"Telong, Bur ni",15397,Confirmed Eruption,2,1839,1,12,1839,1,13,4.769,96.821
261230,Dempo,15550,Confirmed Eruption,2,1839,0,0,,,,-4.03,103.13
263320,Lamongan,15950,Confirmed Eruption,2,1838,10,18,,,,-7.979,113.342
263320,Lamongan,16072,Confirmed Eruption,2,1838,7,4,1838,7,6,-7.979,113.342
263300,Semeru,15968,Confirmed Eruption,2,1838,7,0,1838,10,18,-8.108,112.922
268060,Gamalama,16628,Confirmed Eruption,2,1838,2,26,1838,5,0,0.8,127.33
263340,Raung,16114,Confirmed Eruption,2,1838,0,0,,,,-8.119,114.056
261170,Kerinci,15500,Confirmed Eruption,2,1838,0,0,,,,-1.697,101.264
261050,"Telong, Bur ni",15396,Confirmed Eruption,2,1837,9,25,,,,4.769,96.821
263250,Merapi,15870,Confirmed Eruption,2,1837,8,10,1838,6,0,-7.542,110.442
263130,Guntur,15707,Confirmed Eruption,2,1836,10,11,,,,-7.143,107.84
263300,Semeru,15967,Confirmed Eruption,2,1836,8,3,1836,8,5,-8.108,112.922
267010,Ruang,16478,Confirmed Eruption,2,1836,4,22,1836,4,24,2.3,125.37
263180,Slamet,15732,Confirmed Eruption,2,1835,9,0,1835,9,0,-7.242,109.208
267030,Banua Wuhu,16545,Confirmed Eruption,2,1835,4,23,1835,4,26,3.138,125.491
268060,Gamalama,16627,Confirmed Eruption,2,1835,1,4,,,,0.8,127.33
263280,Kelut,15945,Confirmed Eruption,2,1835,0,0,,,,-7.93,112.308
263310,Tengger Caldera,16024,Confirmed Eruption,2,1835,0,0,,,,-7.942,112.95
263130,Guntur,15706,Confirmed Eruption,2,1834,12,0,1835,1,0,-7.143,107.84
261220,Kaba,15537,Confirmed Eruption,2,1834,11,0,,,,-3.522,102.615
261220,Kaba,15536,Confirmed Eruption,2,1833,11,24,1833,11,25,-3.522,102.615
261160,Talang,15484,Confirmed Eruption,2,1833,10,0,,,,-0.979,100.681
263130,Guntur,15705,Confirmed Eruption,2,1833,9,1,,,,-7.143,107.84
268060,Gamalama,16626,Confirmed Eruption,2,1833,6,15,,,,0.8,127.33
266030,Soputan,15830,Confirmed Eruption,2,1833,0,0,,,,1.112,124.737
261140,Marapi,15420,Confirmed Eruption,2,1833,0,0,1834,0,0,-0.381,100.473
263250,Merapi,15869,Confirmed Eruption,2,1832,12,25,1836,0,0,-7.542,110.442
263060,Gede-Pangrango,15629,Confirmed Eruption,3,1832,8,29,1832,8,29,-6.77,106.965
263130,Guntur,15704,Confirmed Eruption,2,1832,8,8,1832,8,13,-7.143,107.84
263300,Semeru,15966,Confirmed Eruption,2,1832,4,18,,,,-8.108,112.922
263130,Guntur,15703,Confirmed Eruption,2,1832,1,16,,,,-7.143,107.84
268060,Gamalama,16625,Confirmed Eruption,2,1831,5,27,1831,6,27,0.8,127.33
263300,Semeru,15965,Confirmed Eruption,2,1830,12,15,1830,12,16,-8.108,112.922
263310,Tengger Caldera,16023,Confirmed Eruption,2,1830,12,15,1830,12,16,-7.942,112.95
263310,Tengger Caldera,16022,Confirmed Eruption,2,1830,3,3,,,,-7.942,112.95
263320,Lamongan,16071,Confirmed Eruption,2,1830,2,0,1830,3,0,-7.979,113.342
264100,Ebulobo,16157,Confirmed Eruption,2,1830,0,0,,,,-8.82,121.18
263310,Tengger Caldera,16021,Confirmed Eruption,2,1829,11,5,1829,11,11,-7.942,112.95
263090,Tangkubanparahu,15669,Confirmed Eruption,2,1829,4,1,1829,4,4,-6.77,107.6
266100,Lokon-Empung,16443,Confirmed Eruption,2,1829,3,0,,,,1.358,124.792
263300,Semeru,15964,Confirmed Eruption,2,1829,2,0,,,,-8.108,112.922
263320,Lamongan,16070,Confirmed Eruption,2,1829,1,0,1829,2,0,-7.979,113.342
263130,Guntur,15702,Confirmed Eruption,2,1829,0,0,,,,-7.143,107.84
261120,Sorikmarapi,15406,Confirmed Eruption,2,1829,0,0,,,,0.686,99.539
263250,Merapi,15868,Confirmed Eruption,2,1828,12,18,1828,12,19,-7.542,110.442
263130,Guntur,15701,Confirmed Eruption,2,1828,5,14,1828,7,8,-7.143,107.84
263130,Guntur,15700,Confirmed Eruption,2,1827,5,13,,,,-7.143,107.84
263200,Dieng Volcanic Complex,15774,Confirmed Eruption,2,1826,10,11,1826,10,15,-7.2,109.92
263090,Tangkubanparahu,15668,Confirmed Eruption,2,1826,10,11,1826,10,11,-6.77,107.6
263280,Kelut,15944,Confirmed Eruption,4,1826,10,11,1826,10,25,-7.93,112.308
263320,Lamongan,16069,Confirmed Eruption,2,1826,0,0,,,,-7.979,113.342
263310,Tengger Caldera,16020,Confirmed Eruption,2,1825,11,5,1825,11,8,-7.942,112.95
263180,Slamet,15731,Confirmed Eruption,2,1825,10,0,,,,-7.242,109.208
263130,Guntur,15699,Confirmed Eruption,2,1825,6,14,1825,6,15,-7.143,107.84
263200,Dieng Volcanic Complex,13412,Confirmed Eruption,2,1825,0,0,,,,-7.2,109.92
263280,Kelut,15942,Confirmed Eruption,2,1825,0,0,,,,-7.93,112.308
265090,Banda Api,16414,Confirmed Eruption,1,1825,0,0,1831,0,0,-4.523,129.881
267020,Karangetang,16496,Confirmed Eruption,2,1825,0,0,,,,2.781,125.407
265090,Banda Api,16413,Confirmed Eruption,2,1824,4,22,1824,6,28,-4.523,129.881
263320,Lamongan,16068,Confirmed Eruption,2,1824,1,1,1824,1,31,-7.979,113.342
263310,Tengger Caldera,16019,Confirmed Eruption,2,1822,12,28,1823,1,5,-7.942,112.95
263250,Merapi,15867,Confirmed Eruption,3,1822,12,27,1823,4,6,-7.542,110.442
263140,Galunggung,15718,Confirmed Eruption,5,1822,10,8,1822,12,1,-7.25,108.058
261140,Marapi,15419,Confirmed Eruption,2,1822,7,23,1822,7,31,-0.381,100.473
263320,Lamongan,16067,Confirmed Eruption,2,1821,12,15,1822,1,5,-7.979,113.342
264050,Sangeang Api,16237,Confirmed Eruption,2,1821,3,23,,,,-8.2,119.07
264010,Batur,16180,Confirmed Eruption,2,1821,3,16,,,,-8.242,115.375
266130,Tangkoko-Duasudara,16475,Confirmed Eruption,0,1821,0,0,,,,1.518,125.185
265090,Banda Api,16412,Confirmed Eruption,2,1820,6,11,1820,8,8,-4.523,129.881
263310,Tengger Caldera,16018,Confirmed Eruption,2,1820,0,0,,,,-7.942,112.95
264040,Tambora,16232,Confirmed Eruption,2,1819,8,0,,,,-8.25,118
264230,Lewotolo,16330,Confirmed Eruption,2,1819,0,0,,,,-8.272,123.505
266030,Soputan,13726,Confirmed Eruption,2,1819,0,0,,,,1.112,124.737
263300,Semeru,15963,Confirmed Eruption,2,1818,11,8,,,,-8.108,112.922
263130,Guntur,15698,Confirmed Eruption,2,1818,10,21,1818,10,24,-7.143,107.84
263320,Lamongan,13676,Confirmed Eruption,2,1818,10,8,,,,-7.979,113.342
263210,Sundoro,15797,Confirmed Eruption,2,1818,0,0,,,,-7.3,109.992
261230,Dempo,15549,Confirmed Eruption,2,1817,12,31,,,,-4.03,103.13
263340,Raung,16113,Confirmed Eruption,4,1817,1,16,1817,2,10,-8.119,114.056
263350,Ijen,16169,Confirmed Eruption,2,1817,1,15,1817,2,18,-8.058,114.242
263320,Lamongan,13675,Confirmed Eruption,2,1817,0,0,,,,-7.979,113.342
265090,Banda Api,16411,Confirmed Eruption,2,1816,10,11,1816,12,0,-4.523,129.881
263130,Guntur,15697,Confirmed Eruption,2,1816,9,21,,,,-7.143,107.84
263340,Raung,16112,Confirmed Eruption,2,1815,12,31,,,,-8.119,114.056
263130,Guntur,15696,Confirmed Eruption,2,1815,8,15,,,,-7.143,107.84
263310,Tengger Caldera,16017,Confirmed Eruption,2,1815,4,5,1815,4,17,-7.942,112.95
268060,Gamalama,16621,Confirmed Eruption,2,1814,11,27,1814,11,28,0.8,127.33
268060,Gamalama,16620,Confirmed Eruption,2,1812,9,7,1812,9,7,0.8,127.33
267040,Awu,16556,Confirmed Eruption,4,1812,8,6,1812,8,8,3.67,125.5
263340,Raung,16111,Confirmed Eruption,2,1812,0,0,1814,0,0,-8.119,114.056
263250,Merapi,13422,Confirmed Eruption,1,1812,0,0,1822,0,0,-7.542,110.442
264040,Tambora,16231,Confirmed Eruption,7,1812,0,0,1815,7,15,-8.25,118
263280,Kelut,15941,Confirmed Eruption,2,1811,6,5,,,,-7.93,112.308
268060,Gamalama,16619,Confirmed Eruption,2,1811,2,1,1811,5,0,0.8,127.33
263250,Merapi,13421,Confirmed Eruption,1,1810,0,0,,,,-7.542,110.442
263130,Guntur,15695,Confirmed Eruption,2,1809,5,9,,,,-7.143,107.84
263320,Lamongan,13674,Confirmed Eruption,2,1808,12,8,,,,-7.979,113.342
267010,Ruang,16477,Confirmed Eruption,2,1808,0,0,,,,2.3,125.37
264020,Agung,16207,Confirmed Eruption,2,1808,0,0,,,,-8.342,115.508
263130,Guntur,15694,Confirmed Eruption,2,1807,9,1,1807,9,6,-7.143,107.84
261140,Marapi,15418,Confirmed Eruption,2,1807,0,0,,,,-0.381,100.473
263250,Merapi,15812,Confirmed Eruption,1,1807,0,0,,,,-7.542,110.442
263320,Lamongan,16066,Confirmed Eruption,2,1806,5,0,,,,-7.979,113.342
263210,Sundoro,15796,Confirmed Eruption,2,1806,0,0,,,,-7.3,109.992
263170,Cereme,15727,Confirmed Eruption,2,1805,4,0,,,,-6.892,108.4
263310,Tengger Caldera,16016,Confirmed Eruption,2,1804,9,0,,,,-7.942,112.95
263340,Raung,16110,Confirmed Eruption,2,1804,0,0,,,,-8.119,114.056
264010,Batur,16179,Confirmed Eruption,2,1804,0,0,,,,-8.242,115.375
263130,Guntur,15693,Confirmed Eruption,2,1803,4,3,1803,4,15,-7.143,107.84
266130,Tangkoko-Duasudara,16474,Confirmed Eruption,2,1801,0,0,,,,1.518,125.185
263130,Guntur,15692,Confirmed Eruption,,1800,0,0,,,,-7.143,107.84
263320,Lamongan,16065,Confirmed Eruption,2,1799,0,0,,,,-7.979,113.342
263240,Merbabu,15809,Confirmed Eruption,2,1797,0,0,,,,-7.45,110.43
263250,Merapi,15811,Confirmed Eruption,1,1797,0,0,,,,-7.542,110.442
263350,Ijen,16168,Confirmed Eruption,2,1796,0,0,,,,-8.058,114.242
263340,Raung,16109,Confirmed Eruption,2,1793,0,0,,,,-8.119,114.056
263250,Merapi,15866,Confirmed Eruption,2,1791,0,0,,,,-7.542,110.442
266110,Mahawu,16465,Confirmed Eruption,2,1789,12,31,,,,1.352,124.865
266110,Mahawu,16464,Confirmed Eruption,,1788,0,0,,,,1.352,124.865
263250,Merapi,15865,Confirmed Eruption,1,1786,7,17,,,,-7.542,110.442
263200,Dieng Volcanic Complex,15773,Confirmed Eruption,2,1786,0,0,,,,-7.2,109.92
266030,Soputan,16303,Confirmed Eruption,2,1785,12,31,,,,1.112,124.737
263280,Kelut,15940,Confirmed Eruption,2,1785,0,0,,,,-7.93,112.308
263130,Guntur,15691,Confirmed Eruption,2,1780,0,0,,,,-7.143,107.84
263050,Salak,15643,Confirmed Eruption,2,1780,0,0,,,,-6.72,106.73
265090,Banda Api,16410,Confirmed Eruption,2,1778,0,0,,,,-4.523,129.881
263130,Guntur,15690,Confirmed Eruption,2,1777,0,0,,,,-7.143,107.84
263280,Kelut,15939,Confirmed Eruption,2,1776,0,0,,,,-7.93,112.308
268060,Gamalama,16617,Confirmed Eruption,3,1775,8,20,1775,11,6,0.8,127.33
263170,Cereme,15726,Confirmed Eruption,2,1775,1,4,,,,-6.892,108.4
265090,Banda Api,16409,Confirmed Eruption,2,1775,0,0,,,,-4.523,129.881
266100,Lokon-Empung,16442,Confirmed Eruption,3,1775,0,0,,,,1.358,124.792
268060,Gamalama,16616,Confirmed Eruption,2,1773,10,21,1774,1,22,0.8,127.33
265090,Banda Api,16408,Confirmed Eruption,2,1773,2,6,,,,-4.523,129.881
268060,Gamalama,16615,Confirmed Eruption,2,1773,2,2,1773,2,7,0.8,127.33
263100,Papandayan,15685,Confirmed Eruption,3,1772,8,12,1772,8,12,-7.32,107.73
263170,Cereme,15725,Confirmed Eruption,2,1772,8,11,1772,8,12,-6.892,108.4
263180,Slamet,15730,Confirmed Eruption,2,1772,8,11,1772,8,12,-7.242,109.208
268060,Gamalama,16614,Confirmed Eruption,3,1771,8,28,1772,10,9,0.8,127.33
263280,Kelut,15938,Confirmed Eruption,2,1771,1,10,,,,-7.93,112.308
268060,Gamalama,16613,Confirmed Eruption,3,1770,7,6,1770,12,9,0.8,127.33
261140,Marapi,15417,Confirmed Eruption,2,1770,0,0,,,,-0.381,100.473
263250,Merapi,15864,Confirmed Eruption,2,1768,8,19,,,,-7.542,110.442
265090,Banda Api,16407,Confirmed Eruption,2,1765,4,19,1766,10,0,-4.523,129.881
268060,Gamalama,16612,Confirmed Eruption,2,1763,0,0,,,,0.8,127.33
265090,Banda Api,16406,Confirmed Eruption,2,1762,0,0,,,,-4.523,129.881
263060,Gede-Pangrango,15628,Confirmed Eruption,2,1761,0,0,,,,-6.77,106.965
268070,Makian,16682,Confirmed Eruption,4,1760,9,22,1761,4,30,0.32,127.4
263250,Merapi,15863,Confirmed Eruption,2,1755,0,0,,,,-7.542,110.442
263280,Kelut,15936,Confirmed Eruption,2,1752,5,1,,,,-7.93,112.308
263250,Merapi,15862,Confirmed Eruption,2,1752,0,0,,,,-7.542,110.442
265090,Banda Api,16405,Confirmed Eruption,2,1749,0,0,,,,-4.523,129.881
263060,Gede-Pangrango,15627,Confirmed Eruption,3,1747,0,0,1748,0,0,-6.77,106.965
263250,Merapi,15861,Confirmed Eruption,2,1745,0,0,,,,-7.542,110.442
268060,Gamalama,16611,Confirmed Eruption,2,1739,0,0,,,,0.8,127.33
268060,Gamalama,16610,Confirmed Eruption,2,1737,3,10,1737,3,13,0.8,127.33
263220,Sumbing,15805,Confirmed Eruption,1,1730,0,0,,,,-7.384,110.07
263340,Raung,16108,Confirmed Eruption,3,1730,0,0,,,,-8.119,114.056
265090,Banda Api,16404,Confirmed Eruption,2,1722,0,0,,,,-4.523,129.881
268010,Dukono,16574,Confirmed Eruption,,1719,0,0,,,,1.693,127.894
263280,Kelut,15935,Confirmed Eruption,2,1716,7,20,,,,-7.93,112.308
264050,Sangeang Api,16236,Confirmed Eruption,2,1715,0,0,,,,-8.2,119.07
265090,Banda Api,16403,Confirmed Eruption,2,1712,5,0,1712,12,0,-4.523,129.881
267020,Karangetang,16495,Confirmed Eruption,2,1712,1,16,,,,2.781,125.407
267040,Awu,16555,Confirmed Eruption,3,1711,12,10,1711,12,16,3.67,125.5
265030,Gunungapi Wetar,16372,Confirmed Eruption,3,1699,0,0,,,,-6.642,126.65
263170,Cereme,15724,Confirmed Eruption,3,1698,2,3,,,,-6.892,108.4
265070,Serua,16387,Confirmed Eruption,3,1694,0,0,,,,-6.312,130.017
266130,Tangkoko-Duasudara,16473,Confirmed Eruption,3,1694,0,0,,,,1.518,125.185
265070,Serua,16386,Confirmed Eruption,4,1693,6,4,1693,7,0,-6.312,130.017
265050,Teon,16377,Confirmed Eruption,3,1693,0,0,,,,-6.976,129.144
265090,Banda Api,16402,Confirmed Eruption,3,1690,0,0,1696,5,22,-4.523,129.881
263130,Guntur,15689,Confirmed Eruption,3,1690,0,0,,,,-7.143,107.84
265070,Serua,16384,Confirmed Eruption,3,1687,6,15,,,,-6.312,130.017
268060,Gamalama,16609,Confirmed Eruption,3,1687,5,10,1687,5,11,0.8,127.33
268060,Gamalama,16608,Confirmed Eruption,2,1686,9,0,1686,10,13,0.8,127.33
262000,Krakatau,15473,Confirmed Eruption,3,1684,2,1,,,,-6.102,105.423
265070,Serua,16383,Confirmed Eruption,3,1683,0,0,,,,-6.312,130.017
265090,Banda Api,16401,Confirmed Eruption,3,1683,0,0,,,,-4.523,129.881
266130,Tangkoko-Duasudara,16472,Confirmed Eruption,3,1683,0,0,,,,1.518,125.185
262000,Krakatau,15588,Confirmed Eruption,3,1680,5,0,1681,11,19,-6.102,105.423
266130,Tangkoko-Duasudara,16471,Confirmed Eruption,5,1680,0,0,,,,1.518,125.185
263250,Merapi,15860,Confirmed Eruption,3,1678,8,19,,,,-7.542,110.442
263250,Merapi,15859,Confirmed Eruption,3,1677,0,0,,,,-7.542,110.442
268060,Gamalama,16607,Confirmed Eruption,2,1676,12,31,,,,0.8,127.33
267020,Karangetang,16494,Confirmed Eruption,3,1675,0,0,,,,2.781,125.407
264180,Lewotobi,16279,Confirmed Eruption,3,1675,0,0,,,,-8.542,122.775
268040,Gamkonora,16584,Confirmed Eruption,5,1673,5,20,,,,1.38,127.53
263250,Merapi,15858,Confirmed Eruption,3,1672,8,4,,,,-7.542,110.442
264110,Iya,13706,Confirmed Eruption,3,1671,0,0,,,,-8.897,121.645
263250,Merapi,15857,Confirmed Eruption,3,1663,12,31,,,,-7.542,110.442
265050,Teon,16376,Confirmed Eruption,3,1663,1,18,,,,-6.976,129.144
265050,Teon,16375,Confirmed Eruption,4,1660,2,0,,,,-6.976,129.144
264230,Lewotolo,16329,Confirmed Eruption,3,1660,0,0,,,,-8.272,123.505
265050,Teon,16374,Confirmed Eruption,3,1659,11,11,,,,-6.976,129.144
268060,Gamalama,16605,Confirmed Eruption,2,1659,6,0,,,,0.8,127.33
263250,Merapi,15856,Confirmed Eruption,3,1658,0,0,,,,-7.542,110.442
268060,Gamalama,16604,Confirmed Eruption,3,1653,12,31,,,,0.8,127.33
264150,Paluweh,16264,Confirmed Eruption,3,1650,0,0,,,,-8.32,121.708
268060,Gamalama,16603,Confirmed Eruption,2,1648,6,15,1648,6,18,0.8,127.33
268070,Makian,16680,Confirmed Eruption,4,1646,7,19,1646,7,21,0.32,127.4
267040,Awu,16553,Confirmed Eruption,2,1646,0,0,,,,3.67,125.5
263280,Kelut,15934,Confirmed Eruption,4,1641,0,0,,,,-7.93,112.308
263340,Raung,16107,Confirmed Eruption,4,1638,0,0,,,,-8.119,114.056
265090,Banda Api,16400,Confirmed Eruption,1,1635,11,18,,,,-4.523,129.881
268060,Gamalama,16601,Confirmed Eruption,2,1635,3,29,,,,0.8,127.33
265090,Banda Api,16399,Confirmed Eruption,3,1632,12,16,,,,-4.523,129.881
265090,Banda Api,16398,Confirmed Eruption,3,1615,3,16,1615,4,0,-4.523,129.881
265090,Banda Api,16397,Confirmed Eruption,3,1609,0,0,,,,-4.523,129.881
268060,Gamalama,16600,Confirmed Eruption,3,1608,7,18,1608,7,19,0.8,127.33
268060,Gamalama,16599,Confirmed Eruption,2,1605,5,0,,,,0.8,127.33
265090,Banda Api,16396,Confirmed Eruption,3,1598,0,0,1602,0,0,-4.523,129.881
263340,Raung,16106,Confirmed Eruption,3,1597,1,17,1597,2,2,-8.119,114.056
263340,Raung,16105,Confirmed Eruption,5,1593,0,0,,,,-8.119,114.056
263310,Tengger Caldera,16012,Confirmed Eruption,2,1590,0,0,,,,-7.942,112.95
263250,Merapi,15855,Confirmed Eruption,3,1587,0,0,,,,-7.542,110.442
265090,Banda Api,16395,Confirmed Eruption,3,1586,4,17,,,,-4.523,129.881
263280,Kelut,15933,Confirmed Eruption,5,1586,0,0,,,,-7.93,112.308
263250,Merapi,15853,Confirmed Eruption,3,1584,0,0,,,,-7.542,110.442
268040,Gamkonora,16583,Confirmed Eruption,3,1564,12,31,,,,1.38,127.53
268060,Gamalama,16598,Confirmed Eruption,2,1561,12,31,,,,0.8,127.33
263240,Merbabu,15806,Confirmed Eruption,,1560,0,0,,,,-7.45,110.43
263250,Merapi,15852,Confirmed Eruption,3,1560,0,0,,,,-7.542,110.442
263250,Merapi,15851,Confirmed Eruption,3,1554,0,0,,,,-7.542,110.442
268010,Dukono,16573,Confirmed Eruption,3,1550,11,20,,,,1.693,127.894
268070,Makian,16678,Confirmed Eruption,3,1550,0,0,,,,0.32,127.4
263250,Merapi,15850,Confirmed Eruption,3,1548,0,0,,,,-7.542,110.442
263280,Kelut,15932,Confirmed Eruption,3,1548,0,0,,,,-7.93,112.308
268060,Gamalama,16490,Confirmed Eruption,3,1538,0,0,,,,0.8,127.33
262000,Krakatau,15587,Confirmed Eruption,,1530,0,0,,,,-6.102,105.423
265030,Gunungapi Wetar,16371,Confirmed Eruption,3,1512,0,0,,,,-6.642,126.65
264050,Sangeang Api,16235,Confirmed Eruption,3,1512,0,0,,,,-8.2,119.07
268060,Gamalama,16597,Confirmed Eruption,3,1510,0,0,,,,0.8,127.33
261020,Seulawah Agam,15389,Confirmed Eruption,2,1510,0,0,,,,5.448,95.658
263280,Kelut,15930,Confirmed Eruption,3,1481,0,0,,,,-7.93,112.308
263250,Merapi,15849,Confirmed Eruption,,1480,0,0,,,,-7.542,110.442
263280,Kelut,15929,Confirmed Eruption,3,1462,0,0,,,,-7.93,112.308
263280,Kelut,15928,Confirmed Eruption,3,1451,0,0,,,,-7.93,112.308
263280,Kelut,15927,Confirmed Eruption,3,1450,0,0,,,,-7.93,112.308
266030,Soputan,16302,Confirmed Eruption,3,1450,0,0,,,,1.112,124.737
263250,Merapi,15845,Confirmed Eruption,,1440,0,0,,,,-7.542,110.442
263280,Kelut,15070,Confirmed Eruption,3,1411,0,0,,,,-7.93,112.308
263280,Kelut,15069,Confirmed Eruption,3,1395,0,0,,,,-7.93,112.308
263280,Kelut,15068,Confirmed Eruption,3,1385,0,0,,,,-7.93,112.308
263250,Merapi,15844,Confirmed Eruption,,1380,0,0,,,,-7.542,110.442
263280,Kelut,15067,Confirmed Eruption,3,1376,0,0,,,,-7.93,112.308
266100,Lokon-Empung,16441,Confirmed Eruption,3,1375,0,0,,,,1.358,124.792
263200,Dieng Volcanic Complex,15770,Confirmed Eruption,3,1375,0,0,,,,-7.2,109.92
263280,Kelut,10423,Confirmed Eruption,3,1334,0,0,,,,-7.93,112.308
262000,Krakatau,15586,Confirmed Eruption,,1320,0,0,,,,-6.102,105.423
263280,Kelut,10422,Confirmed Eruption,3,1311,0,0,,,,-7.93,112.308
263250,Merapi,15843,Confirmed Eruption,,1300,0,0,,,,-7.542,110.442
264030,Rinjani,20843,Confirmed Eruption,7,1257,7,1,,,,-8.42,116.47
263250,Merapi,15842,Confirmed Eruption,,1230,0,0,,,,-7.542,110.442
263250,Merapi,15841,Confirmed Eruption,,1190,0,0,,,,-7.542,110.442
263200,Dieng Volcanic Complex,15769,Confirmed Eruption,,1180,0,0,,,,-7.2,109.92
262000,Krakatau,15585,Confirmed Eruption,,1150,0,0,,,,-6.102,105.423
263250,Merapi,15840,Confirmed Eruption,,1140,0,0,,,,-7.542,110.442
263250,Merapi,15838,Confirmed Eruption,,1090,0,0,,,,-7.542,110.442
262000,Krakatau,15584,Confirmed Eruption,,1050,0,0,,,,-6.102,105.423
263250,Merapi,15837,Confirmed Eruption,,1010,0,0,,,,-7.542,110.442
263280,Kelut,15912,Confirmed Eruption,3,1000,0,0,,,,-7.93,112.308
262000,Krakatau,15583,Confirmed Eruption,,950,0,0,,,,-6.102,105.423
263250,Merapi,15835,Confirmed Eruption,3,940,0,0,,,,-7.542,110.442
263250,Merapi,15834,Confirmed Eruption,,870,0,0,,,,-7.542,110.442
262000,Krakatau,15582,Confirmed Eruption,,850,0,0,,,,-6.102,105.423
264040,Tambora,16230,Confirmed Eruption,,740,0,0,,,,-8.25,118
263250,Merapi,15833,Confirmed Eruption,,680,0,0,,,,-7.542,110.442
263250,Merapi,15832,Confirmed Eruption,,630,0,0,,,,-7.542,110.442
263250,Merapi,15831,Confirmed Eruption,,540,0,0,,,,-7.542,110.442
263250,Merapi,15829,Confirmed Eruption,,480,0,0,,,,-7.542,110.442
263210,Sundoro,15795,Confirmed Eruption,,470,0,0,,,,-7.3,109.992
262000,Krakatau,15581,Confirmed Eruption,4,416,0,0,,,,-6.102,105.423
263250,Merapi,15828,Confirmed Eruption,3,410,0,0,,,,-7.542,110.442
263310,Tengger Caldera,16011,Confirmed Eruption,3,330,0,0,,,,-7.942,112.95
263250,Merapi,15827,Confirmed Eruption,,280,0,0,,,,-7.542,110.442
262000,Krakatau,15580,Confirmed Eruption,,250,0,0,,,,-6.102,105.423
263210,Sundoro,15794,Confirmed Eruption,,230,0,0,,,,-7.3,109.992
263310,Tengger Caldera,16010,Confirmed Eruption,2,190,0,0,,,,-7.942,112.95
263250,Merapi,15826,Confirmed Eruption,,190,0,0,,,,-7.542,110.442
263250,Merapi,15825,Confirmed Eruption,,120,0,0,,,,-7.542,110.442
263250,Merapi,15824,Confirmed Eruption,4,20,0,0,,,,-7.542,110.442
263200,Dieng Volcanic Complex,15768,Confirmed Eruption,0,-50,0,0,,,,-7.2,109.92
263251,Muria,15810,Confirmed Eruption,,-160,0,0,,,,-6.62,110.88
263280,Kelut,15911,Confirmed Eruption,,-230,0,0,,,,-7.93,112.308
263250,Merapi,15823,Confirmed Eruption,3,-340,0,0,,,,-7.542,110.442
263200,Dieng Volcanic Complex,15767,Confirmed Eruption,,-500,0,0,,,,-7.2,109.92
264030,Rinjani,20844,Confirmed Eruption,,-600,,,,,,-8.42,116.47
263350,Ijen,16167,Confirmed Eruption,,-640,0,0,,,,-8.058,114.242
263250,Merapi,15822,Confirmed Eruption,,-700,0,0,,,,-7.542,110.442
263310,Tengger Caldera,16009,Confirmed Eruption,4,-830,0,0,,,,-7.942,112.95
263250,Merapi,15821,Confirmed Eruption,,-1010,0,0,,,,-7.542,110.442
263250,Merapi,15820,Confirmed Eruption,4,-1180,0,0,,,,-7.542,110.442
263250,Merapi,15819,Confirmed Eruption,,-1410,0,0,,,,-7.542,110.442
263250,Merapi,15818,Confirmed Eruption,,-1770,0,0,,,,-7.542,110.442
263250,Merapi,15817,Confirmed Eruption,,-1890,0,0,,,,-7.542,110.442
263140,Galunggung,15716,Confirmed Eruption,5,-2250,0,0,,,,-7.25,108.058
263250,Merapi,15816,Confirmed Eruption,,-2910,0,0,,,,-7.542,110.442
264040,Tambora,16229,Confirmed Eruption,,-3050,0,0,,,,-8.25,118
264040,Tambora,16228,Confirmed Eruption,,-3910,0,0,,,,-8.25,118
263250,Merapi,15815,Confirmed Eruption,,-4690,0,0,,,,-7.542,110.442
263310,Tengger Caldera,16008,Confirmed Eruption,,-5260,0,0,,,,-7.942,112.95
263040,Perbakti-Gagak,15635,Confirmed Eruption,,-6450,0,0,,,,-6.75,106.7
263200,Dieng Volcanic Complex,15766,Confirmed Eruption,0,-6590,0,0,,,,-7.2,109.92
263250,Merapi,15814,Confirmed Eruption,,-7310,0,0,,,,-7.542,110.442
263090,Tangkubanparahu,15667,Confirmed Eruption,,-7500,0,0,,,,-6.77,107.6
263090,Tangkubanparahu,15666,Confirmed Eruption,,-8020,0,0,,,,-6.77,107.6
264080,Inierie,16256,Confirmed Eruption,,-8050,0,0,,,,-8.875,120.95
263250,Merapi,15813,Confirmed Eruption,,-8780,0,0,,,,-7.542,110.442
264030,Rinjani,22173,Confirmed Eruption,,,,,,,,-8.42,116.47
